[{"pk": 78, "model": "vegancity.vendor", "fields": {"website": "http://abyssiniarestaurantpa.com/", "neighborhood": 10, "name": "Abyssinia Ethiopian Restaurant", "created": "2012-10-31T21:04:21.685", "notes": "Offers a vegan combination plate (lentils, salad, collard greens, and other vegetables on top of injera) at a reasonable price. ", "modified": "2013-02-12T17:12:21.956", "longitude": -75.2118131, "veg_level": 7, "phone": "(215) 387-2424", "cuisine_tags": [10], "address": "229 South 45th Street, Philadelphia, PA", "latitude": 39.9541901, "approval_status": "approved", "feature_tags": [14, 17, 16, 19]}}, {"pk": 41, "model": "vegancity.vendor", "fields": {"website": "http://adobecafephilly.com/", "neighborhood": 16, "name": "Adobe Cafe", "created": null, "notes": "Similar to their Roxborough location, almost all of their regular menu is duplicated in a vegetarian version with vegan cheese and sour cream available. ", "modified": "2013-02-13T14:13:03.087", "longitude": -75.1677053, "veg_level": 6, "phone": "(215) 551-2243", "cuisine_tags": [12, 3], "address": "1919 East Passyunk Avenue, Philadelphia, PA", "latitude": 39.9262334, "approval_status": "approved", "feature_tags": [16]}}, {"pk": 113, "model": "vegancity.vendor", "fields": {"website": "http://www.adobecafephilly.com/", "neighborhood": 31, "name": "Adobe Cafe Roxborough", "created": "2013-02-02T14:53:41.494", "notes": "Similar to their South Philly location, almost all of their regular menu is duplicated in a vegetarian version with vegan cheese and sour cream available. This location hasn't been reviewed yet-- let us know what you think!", "modified": "2013-02-13T14:12:39.185", "longitude": -75.2189648, "veg_level": 5, "phone": "(215) 483-3947", "cuisine_tags": [34, 3, 38], "address": "4550 Mitchell Street, Philadelphia PA", "latitude": 40.0342355, "approval_status": "approved", "feature_tags": [14, 7, 32, 16, 30, 19, 31, 15]}}, {"pk": 15, "model": "vegancity.vendor", "fields": {"website": "http://afullplate.com/", "neighborhood": 4, "name": "A Full Plate, Cafe & Catering", "created": null, "notes": "Offers a number of vegan dinner entrees and sides, including a mac and cheese made with three housemade nut cheeses. Vegan brunch options are tofu scramble and french toast. This restaurant hasn't been reviewed yet-- let us know what you think!", "modified": "2013-02-13T15:55:15.063", "longitude": -75.1409161, "veg_level": 6, "phone": "(215) 627-4068", "cuisine_tags": [30, 34, 25], "address": "1040 North American Street, Philadelphia, PA", "latitude": 39.9672907, "approval_status": "approved", "feature_tags": [22, 28, 32, 27, 9]}}, {"pk": 138, "model": "vegancity.vendor", "fields": {"website": "http://aromamedcuisine.com/", "neighborhood": null, "name": "Aroma", "created": "2013-02-16T10:40:31.182", "notes": "Healthy, fresh and authentic Mediterrean food at this affordable family-run restaurant near Valley Forge Park and King of Prussia.\r\nFlavorful veg items (incl homemade soups made with all-vegetable stock) are clearly marked on the menu.", "modified": "2013-02-16T10:40:31.200", "longitude": -75.415971, "veg_level": 6, "phone": "(610) 337-9300", "cuisine_tags": [39, 27, 5, 25], "address": "10104 Valley Forge Circle\r\nKing Of Prussia, PA  19406", "latitude": 40.1050382, "approval_status": "pending", "feature_tags": [22, 32, 3, 30, 9]}}, {"pk": 25, "model": "vegancity.vendor", "fields": {"website": "http://www.facebook.com/pages/Atiya-Olas-Cafe/226793457400445", "neighborhood": 10, "name": "Atiya Ola's Spirit First Foods", "created": null, "notes": "Unique cafe with vegan options and raw food options. Closed Tuesdays and Wednesdays. This restaurant hasn't been reviewed yet-- let us know what you think!", "modified": "2013-02-13T15:42:38.221", "longitude": -75.2133303, "veg_level": 6, "phone": "(215) 939-3298", "cuisine_tags": [35, 25], "address": "4505 Baltimore Avenue, Philadelphia, PA", "latitude": 39.9492216, "approval_status": "approved", "feature_tags": [9, 6]}}, {"pk": 85, "model": "vegancity.vendor", "fields": {"website": "http://philadelphia.menupages.com/restaurants/b2/menu", "neighborhood": 33, "name": "B2", "created": "2012-11-04T21:05:18.473", "notes": "Offers bagels with Tofutti cream cheese and a hummus sandwich option, in addition to vegan desserts. B2 hasn't been reviewed yet-- let us know what you think!", "modified": "2013-02-13T15:39:23.702", "longitude": -75.1623244, "veg_level": 7, "phone": "(215) 271-5520", "cuisine_tags": [35], "address": "1500 East Passyunk Avenue, Philadelphia, PA", "latitude": 39.9308621, "approval_status": "approved", "feature_tags": [10, 33, 6]}}, {"pk": 83, "model": "vegancity.vendor", "fields": {"website": "http://www.facebook.com/pages/Bennas-Cafe/113320692035031", "neighborhood": 8, "name": "Benna's Cafe", "created": "2012-11-03T20:11:43.096", "notes": "Offers vegan options including vegan cream cheese and desserts. Benna's hasn't been reviewed yet-- let us know what you think!", "modified": "2013-02-13T15:33:40.658", "longitude": -75.1576618, "veg_level": 6, "phone": "(215) 334-1502", "cuisine_tags": [35], "address": "1236 South 8th Street, Philadelphia, PA", "latitude": 39.9329461, "approval_status": "approved", "feature_tags": [10, 6]}}, {"pk": 6, "model": "vegancity.vendor", "fields": {"website": "http://blackbirdpizzeria.com/", "neighborhood": 3, "name": "Blackbird Pizzeria", "created": null, "notes": "Philly's only all vegan pizzeria. You can opt for a 12\" or an 18\" pie, and rotating pies are sold by the slice. You can also get your hands on a seitan cheesesteak or a number of other hot sandwiches and wraps, in addition to wings, salads, soups, and Vegan Treats desserts. ", "modified": "2013-02-13T14:06:27.731", "longitude": -75.1521138, "veg_level": 1, "phone": "(215) 625-6660", "cuisine_tags": [18, 13, 4, 11], "address": "507 South 6th Street, Philadelphia, PA", "latitude": 39.9426939, "approval_status": "approved", "feature_tags": [17, 8, 2, 6]}}, {"pk": 23, "model": "vegancity.vendor", "fields": {"website": "http://blackbrew.net/", "neighborhood": 5, "name": "Black N Brew", "created": null, "notes": "Vegan brunch options include tofu scramble and breakfast burritos with no cheese or sour cream, and lunch options include hummus sandwiches and veggie burgers. This restaurant hasn't been reviewed yet-- let us know what you think!", "modified": "2013-02-13T15:30:46.445", "longitude": -75.1628215, "veg_level": 7, "phone": "(267) 639-6070", "cuisine_tags": [30, 34, 35, 20], "address": "1523 East Passyunk Avenue, Philadelphia, PA", "latitude": 39.9303096, "approval_status": "approved", "feature_tags": [24, 10, 23, 30, 20, 25]}}, {"pk": 82, "model": "vegancity.vendor", "fields": {"website": "https://www.facebook.com/CafeAtTheMills", "neighborhood": 25, "name": "Cafe at the Mills", "created": "2012-11-03T20:07:56.270", "notes": "Their menu lists vegan soups and a number of vegan entrees with and without vegan cheese. This restaurant hasn't been reviewed yet-- let us know what you think! ", "modified": "2013-02-13T15:26:32.943", "longitude": -75.1851189, "veg_level": 6, "phone": "(267) 331-5732", "cuisine_tags": [34, 35, 37], "address": "3502 Scotts Lane, Philadelphia, PA", "latitude": 40.0077014, "approval_status": "approved", "feature_tags": [10, 13, 33, 9]}}, {"pk": 100, "model": "vegancity.vendor", "fields": {"website": "http://cafelift.com/", "neighborhood": 4, "name": "Cafe Lift", "created": "2013-01-28T19:32:48.546", "notes": "Not particularly vegan friendly, but their veggie panini is an assortment of grilled veggies and bean spread on soft bread, and it also comes with a side salad. Closed Mondays. Cafe Lift hasn't been reviewed yet-- let us know what you think!", "modified": "2013-02-13T12:15:47.409", "longitude": -75.1597333, "veg_level": 7, "phone": "(215) 922-3031", "cuisine_tags": [30, 20], "address": "428 N 13th St, Philadelphia, PA ", "latitude": 39.9603445, "approval_status": "approved", "feature_tags": [9]}}, {"pk": 108, "model": "vegancity.vendor", "fields": {"website": "http://cakeandthebeanstalk.com/", "neighborhood": 3, "name": "Cake and the Beanstalk", "created": "2013-01-31T11:17:40.166", "notes": "Offers vegan chocolate chip cookies, hummus/veggie panini or bagel, and sometimes a vegan soup. Cake and the Beanstalk hasn't been reviewed yet-- let us know what you think!", "modified": "2013-02-13T15:20:37.968", "longitude": -75.1601184, "veg_level": 7, "phone": "(215) 592-6505", "cuisine_tags": [35, 37], "address": "1112 Locust St Philadelphia", "latitude": 39.9476379, "approval_status": "approved", "feature_tags": [24, 10, 32, 27, 5, 3, 21, 30, 9, 6]}}, {"pk": 79, "model": "vegancity.vendor", "fields": {"website": "http://www.cantinadossegundos.com/", "neighborhood": 4, "name": "Cantina Dos Segundos", "created": "2012-11-03T12:23:56.451", "notes": "Vegan and vegetarian menu items are clearly indicated, and there is always a rotating vegan special. \r\nFor those seeking a gluten-free meal, the fajitas can be ordered without seitan and substituting wheat tortillas for corn. This restaurant hasn't been reviewed yet-- let us know what you think!", "modified": "2013-02-13T12:16:58.146", "longitude": -75.1404421, "veg_level": 6, "phone": "(215) 629-0500", "cuisine_tags": [12, 3, 38], "address": "931 North 2nd Street, Philadelphia, PA, United States", "latitude": 39.9648532, "approval_status": "approved", "feature_tags": [14, 16, 3, 19, 33]}}, {"pk": 80, "model": "vegancity.vendor", "fields": {"website": "http://www.cantinaloscaballitos.com/", "neighborhood": 5, "name": "Cantina Los Caballitos", "created": "2012-11-03T12:26:06.813", "notes": "Vegan and vegetarian menu items are clearly indicated, and there is always a rotating vegan special. \r\nFor those seeking a gluten-free meal, the fajitas can be ordered without seitan and substituting wheat tortillas for corn. This restaurant hasn't been reviewed yet-- let us know what you think!", "modified": "2013-02-13T10:54:11.251", "longitude": -75.1645198, "veg_level": 6, "phone": "(215) 755-3550", "cuisine_tags": [12, 3, 38], "address": "1651 East Passyunk Avenue, Philadelphia, PA, United States", "latitude": 39.9289283, "approval_status": "approved", "feature_tags": [14, 16, 3, 19, 33]}}, {"pk": 24, "model": "vegancity.vendor", "fields": {"website": "http://philadelphia.menupages.com/restaurants/charles-plaza/menu", "neighborhood": 2, "name": "Charles Plaza", "created": null, "notes": "Offers a separate vegetarian menu with many vegan mock meat and tofu options. Monday-Friday lunch special includes soup and entree for $7. This restaurant hasn't been reviewed yet-- let us know what you think!", "modified": "2013-02-13T14:17:05.497", "longitude": -75.1557388, "veg_level": 5, "phone": "(215) 829-4383", "cuisine_tags": [1], "address": "234 North 10th Street, Philadelphia, PA", "latitude": 39.9565223, "approval_status": "approved", "feature_tags": [22, 7]}}, {"pk": 54, "model": "vegancity.vendor", "fields": {"website": "http://", "neighborhood": 2, "name": "Cherry Street Chinese Restaurant", "created": null, "notes": null, "modified": "2013-01-27T20:45:56.418", "longitude": -75.1565993, "veg_level": null, "phone": "(215) 922-8957", "cuisine_tags": [], "address": "1010 Cherry Street, Philadelphia, PA", "latitude": 39.9544922, "approval_status": "pending", "feature_tags": []}}, {"pk": 112, "model": "vegancity.vendor", "fields": {"website": "", "neighborhood": 1, "name": "Chestnut Food Market", "created": "2013-02-02T14:45:13.276", "notes": "Typical center city deli with more groceries than most, a little produce, lots of snack items. Deli makes a veggie cheesesteak that is vegan without cheese. Ask them to go easy on the hot peppers if you don't like it fiery. This vendor hasn't been reviewed yet-- let us know what you think!", "modified": "2013-02-13T13:33:52.700", "longitude": -75.15446, "veg_level": 6, "phone": "(215) 922-2877", "cuisine_tags": [35], "address": "812 Chestnut Street", "latitude": 39.949439, "approval_status": "approved", "feature_tags": [8]}}, {"pk": 65, "model": "vegancity.vendor", "fields": {"website": "http://www.chipotle.com/", "neighborhood": 1, "name": "Chipotle Mexican Grill: Center City East", "created": "2012-10-25T17:30:34.695", "notes": "Burritos/tacos/salads made on the spot as you select your ingredients. Vegan options are rice, black beans, guacamole, salsa, stir fried peppers and onions, and lettuce. This Chipotle location hasn't been reviewed yet-- let us know what you think!", "modified": "2013-02-13T13:32:52.767", "longitude": -75.1606958, "veg_level": 6, "phone": "(267) 535-5483", "cuisine_tags": [3], "address": "1200 Walnut Street, Philadelphia, PA", "latitude": 39.9488276, "approval_status": "approved", "feature_tags": [30]}}, {"pk": 66, "model": "vegancity.vendor", "fields": {"website": "http://chipotle.com/", "neighborhood": 1, "name": "Chipotle Mexican Grill: Center City West", "created": "2012-10-25T17:32:17.599", "notes": "Burritos/tacos/salads made on the spot as you select your ingredients. Vegan options are rice, black beans, guacamole, salsa, stir fried peppers and onions, and lettuce. This Chipotle location hasn't been reviewed yet-- let us know what you think!", "modified": "2013-02-13T13:32:41.534", "longitude": -75.1666737, "veg_level": 6, "phone": "(215) 558-5213", "cuisine_tags": [3], "address": "1512 Walnut Street, Philadelphia, PA", "latitude": 39.9495101, "approval_status": "approved", "feature_tags": [30]}}, {"pk": 67, "model": "vegancity.vendor", "fields": {"website": "http://www.chipotle.com/", "neighborhood": 21, "name": "Chipotle Mexican Grill: West Philly", "created": "2012-10-25T17:32:42.683", "notes": "Burritos/tacos/salads made on the spot as you select your ingredients. Vegan options are rice, black beans, guacamole, salsa, stir fried peppers and onions, and lettuce. This Chipotle location hasn't been reviewed yet-- let us know what you think!", "modified": "2013-02-13T13:32:26.889", "longitude": -75.2018638, "veg_level": 6, "phone": "(215) 222-0632", "cuisine_tags": [3], "address": "3925 Walnut Street #128, Philadelphia, PA", "latitude": 39.9540346, "approval_status": "approved", "feature_tags": [30]}}, {"pk": 128, "model": "vegancity.vendor", "fields": {"website": "", "neighborhood": 3, "name": "Citi Marketplace", "created": "2013-02-15T14:00:26.891", "notes": "Nicer center city grocer/deli with a full vegetarian sandwich menu(tofu club, veggie cheesesteaks, veg chicken salad, meatball subs, etc). The grocery itself has a lot of vegan specialty items(like vegan jerky and frozen/refrigerator items).", "modified": "2013-02-15T14:00:26.911", "longitude": -75.1628492, "veg_level": 5, "phone": "(215) 545-4085", "cuisine_tags": [30], "address": "1318 Walnut St\r\nPhiladelphia, PA 19107", "latitude": 39.9490831, "approval_status": "pending", "feature_tags": [24, 8, 7, 5, 30, 9]}}, {"pk": 117, "model": "vegancity.vendor", "fields": {"website": "http://thecouchtomato.com/", "neighborhood": 31, "name": "Couch Tomato Cafe", "created": "2013-02-03T18:58:28.381", "notes": "Offers a vegan pizza with Daiya cheese and a large selection of veggie toppings. ", "modified": "2013-02-13T12:42:16.250", "longitude": -75.2211826, "veg_level": 7, "phone": "(215) 483-2233", "cuisine_tags": [35, 4, 11, 25], "address": "102 Rector St, Philadelphia, PA 19127", "latitude": 40.0247031, "approval_status": "approved", "feature_tags": [13, 3, 30, 9]}}, {"pk": 56, "model": "vegancity.vendor", "fields": {"website": "http://eatatcrisp.com", "neighborhood": 1, "name": "CRISP", "created": null, "notes": null, "modified": "2013-02-13T13:27:55.243", "longitude": -75.1704574, "veg_level": null, "phone": "(267) 324-3840", "cuisine_tags": [], "address": "32 South 18th Street, Philadelphia, PA", "latitude": 39.9521478, "approval_status": "pending", "feature_tags": []}}, {"pk": 109, "model": "vegancity.vendor", "fields": {"website": "", "neighborhood": null, "name": "Devi", "created": "2013-01-31T19:29:39.549", "notes": "A VegPhilly user hasn't visited here yet. Let us know what you think.", "modified": "2013-02-06T14:51:43.132", "longitude": -75.6299972, "veg_level": 3, "phone": "(610) 594-9250", "cuisine_tags": [9], "address": "151 W Lincoln Highway Exton, PA\r\n", "latitude": 40.0278716, "approval_status": "pending", "feature_tags": []}}, {"pk": 72, "model": "vegancity.vendor", "fields": {"website": "http://www.dockstreetbeer.com/The_Pub.html", "neighborhood": 24, "name": "Dock Street Pub", "created": "2012-10-29T23:56:13.033", "notes": "Offers a number of veggie options, including vegan pizza, housemade vegan burgers, and a vegan pesto wrap. ", "modified": "2013-02-13T13:22:03.557", "longitude": -75.2229305, "veg_level": 6, "phone": "(215) 726-2337", "cuisine_tags": [12, 34, 11, 25], "address": "701 S 50th St Philadelphia, PA", "latitude": 39.9477956, "approval_status": "approved", "feature_tags": [14, 19, 15]}}, {"pk": 47, "model": "vegancity.vendor", "fields": {"website": "https://twitter.com/Doobiesbar", "neighborhood": 1, "name": "Doobie's", "created": null, "notes": "Neighborhood bar that offers veggie burgers and pita pizzas with vegan cheese. Doobie's hasn't been reviewed yet-- let us know what you think!", "modified": "2013-02-13T13:19:45.972", "longitude": -75.1785634, "veg_level": 6, "phone": "(215) 546-0316", "cuisine_tags": [12], "address": "2201 Lombard Street, Philadelphia, PA", "latitude": 39.946385, "approval_status": "approved", "feature_tags": [14, 16, 19]}}, {"pk": 119, "model": "vegancity.vendor", "fields": {"website": "http://www.earthbreadbrewery.com/", "neighborhood": 32, "name": "Earth Bread and Brewery", "created": "2013-02-04T09:12:26.384", "notes": "Flatbreads (pizza) with interesting toppings. Soups and salads. Waitstaff are understanding of dietary concerns. Housemade (vegan) beer as well as guest beers. ", "modified": "2013-02-04T09:12:26.403", "longitude": -75.1903573, "veg_level": 6, "phone": "(215) 242-6666", "cuisine_tags": [11, 25], "address": "7136 Germantown Ave\r\nPhiladelphia, PA 19119", "latitude": 40.0592476, "approval_status": "pending", "feature_tags": [14, 29, 28, 32, 30, 15]}}, {"pk": 129, "model": "vegancity.vendor", "fields": {"website": "http://www.eatapitaphilly.com/", "neighborhood": 1, "name": "Eat-A-Pita", "created": "2013-02-15T14:05:20.791", "notes": "Obviously a pita restaurant. They have a Panini called \"The Vegan\", a tofu BLT as well as veggie chili. ", "modified": "2013-02-15T14:05:20.802", "longitude": -75.1605429, "veg_level": 7, "phone": "(215) 925-7482", "cuisine_tags": [], "address": "128 S 12th St\r\nPhiladelphia, PA 19107", "latitude": 39.9493001, "approval_status": "pending", "feature_tags": []}}, {"pk": 111, "model": "vegancity.vendor", "fields": {"website": "http://edswings.com/", "neighborhood": 29, "name": "Ed's Buffalo Wings & Pizza", "created": "2013-02-01T13:09:30.943", "notes": "Offers a vegan pizza with Daiya cheese in addition to a few other clearly labeled vegan and vegetarian  options on the menu. Ed's hasn't been reviewed yet-- let us know what you think!", "modified": "2013-02-13T13:01:54.418", "longitude": -75.1928223, "veg_level": 7, "phone": "(215) 222-4000", "cuisine_tags": [11], "address": "3513 Lancaster Ave. Philadelphia, PA 19104", "latitude": 39.9582825, "approval_status": "approved", "feature_tags": [13, 1, 19]}}, {"pk": 20, "model": "vegancity.vendor", "fields": {"website": "http://essenemarket.com/", "neighborhood": 8, "name": "Essene Market & Cafe", "created": null, "notes": "An independently owned natural foods store featuring an all vegetarian, mostly vegan, hot bar/salad bar buffet with an emphasis on seasonal produce. Hot bar/salad bar is $8.99/lb, and there is a self-bussed cafe seating area. Essene hasn't been reviewed yet-- let us know what you think!\r\n\r\n   ", "modified": "2013-02-13T10:54:42.564", "longitude": -75.149426, "veg_level": 5, "phone": "(215) 922-1146", "cuisine_tags": [30, 19, 35, 25], "address": "719 South 4th Street, Philadelphia, PA", "latitude": 39.9400465, "approval_status": "approved", "feature_tags": [32, 3, 30, 20, 6]}}, {"pk": 115, "model": "vegancity.vendor", "fields": {"website": "http://www.ethiocafeandrestaurant.com/", "neighborhood": 10, "name": "Ethio Cafe", "created": "2013-02-03T18:26:33.063", "notes": "Their menu lists a few vegetarian items including collard green stew, lentil stew, steamed cabbage, and a veggie combo. Closed Mondays. Ethio Cafe hasn't been reviewed yet-- let us know what you think!", "modified": "2013-02-13T12:55:28.638", "longitude": -75.211595, "veg_level": 6, "phone": "(215) 222-2104", "cuisine_tags": [31, 10], "address": "225 S 45th St", "latitude": 39.954262, "approval_status": "approved", "feature_tags": [17, 32, 30, 19]}}, {"pk": 68, "model": "vegancity.vendor", "fields": {"website": "http://www.myfalafelbar.com/", "neighborhood": 1, "name": "Falafel Bar", "created": "2012-10-25T17:32:59.506", "notes": "Enjoy a falafel sandwich or platter with freshly made falafel balls. Online ordering is available. Closed Saturdays. ", "modified": "2013-02-13T12:57:45.434", "longitude": -75.1660804, "veg_level": 7, "phone": "(215) 568-0800", "cuisine_tags": [39, 13, 5], "address": "1513 Chestnut Street, Philadelphia, PA, United States", "latitude": 39.951119, "approval_status": "approved", "feature_tags": [13, 2, 23, 30]}}, {"pk": 81, "model": "vegancity.vendor", "fields": {"website": "http://www.farerestaurant.com/", "neighborhood": 6, "name": "Fare Restaurant", "created": "2012-11-03T20:04:08.417", "notes": "Offers a few organic vegan options, including vegetable cakes and stir fried seitan, on their otherwise meat-loaded menu. Also offers tofu scramble with vegan bacon as a brunch option.", "modified": "2013-02-16T16:57:42.003", "longitude": -75.171243, "veg_level": 7, "phone": "(267) 639-3063", "cuisine_tags": [36], "address": "2028 Fairmount Avenue, Philadelphia, PA, United States", "latitude": 39.967061, "approval_status": "approved", "feature_tags": [14, 18, 16, 31, 25, 15]}}, {"pk": 124, "model": "vegancity.vendor", "fields": {"website": "http://farmiciarestaurant.com/", "neighborhood": 1, "name": "Farmicia", "created": "2013-02-09T21:58:05.741", "notes": "Offers a few vegan and vegetarian options, including vegan tamales as a dinner entree and tofu scramble with vegan chorizo as a brunch plate.  Farmicia hasn't been reviewed yet-- let us know what you think!", "modified": "2013-02-13T12:47:17.248", "longitude": -75.1457643, "veg_level": 7, "phone": "(215) 627-6274", "cuisine_tags": [30, 36], "address": "15 South 3rd Street Philadelphia, PA", "latitude": 39.9496971, "approval_status": "approved", "feature_tags": [14, 7, 16, 27, 31, 25, 15]}}, {"pk": 43, "model": "vegancity.vendor", "fields": {"website": "http://finospizzeria.com/", "neighborhood": 17, "name": "Fino's Pizzeria & Restaurant", "created": null, "notes": "Their menu lists vegan pizza and a number of mock meat sandwiches, wraps, burgers, and pasta options. Closed Sundays. This restaurant hasn't been reviewed yet-- let us know what you think!", "modified": "2013-02-13T12:34:02.345", "longitude": -75.1869788, "veg_level": 6, "phone": "(215) 844-1188", "cuisine_tags": [30, 34, 11, 25], "address": "6784 Germantown Avenue, Philadelphia, PA", "latitude": 40.0546075, "approval_status": "approved", "feature_tags": [13, 7, 9]}}, {"pk": 87, "model": "vegancity.vendor", "fields": {"website": "http://www.franklinfountain.com/", "neighborhood": 1, "name": "Franklin Fountain", "created": "2012-11-05T23:20:33.693", "notes": "Features a few rotating vegan flavors of housemade ice cream and sorbet. The atmosphere is reminiscent of a 1950's soda bar-- employees wear bowties and suspenders, and they actually still use an old hand cranked telephone. Franklin Fountain hasn't been reviewed yet-- let us know what you think!", "modified": "2013-02-13T10:48:55.622", "longitude": -75.142912, "veg_level": 7, "phone": "(215) 627-1899", "cuisine_tags": [37], "address": "116 Market Street, Philadelphia, PA", "latitude": 39.949576, "approval_status": "approved", "feature_tags": [18, 6]}}, {"pk": 127, "model": "vegancity.vendor", "fields": {"website": "http://www.giapronto.com/", "neighborhood": 21, "name": "Gia Pronto ", "created": "2013-02-15T12:42:56.449", "notes": "At GIA PRONTO our foods are 100% natural\r\nand made with the highest quality ingredients.\r\n\r\nOur meats will always be free-range and hormone free.\r\n\r\nChemical additives and artificial preservatives will never be used.\r\n\r\nThis is our promise!", "modified": "2013-02-15T12:42:56.468", "longitude": -75.1987448, "veg_level": 2, "phone": "(215) 222-7713", "cuisine_tags": [30, 25], "address": "3736 Spruce St, Philadelphia, PA 19104", "latitude": 39.9510845, "approval_status": "pending", "feature_tags": [10, 32, 3, 2, 30, 9]}}, {"pk": 35, "model": "vegancity.vendor", "fields": {"website": "http://goldenempressgarden.com/", "neighborhood": 1, "name": "Golden Empress Garden", "created": null, "notes": "Their menu lists lots of imitation-meat Chinese dishes and other vegetarian options. This restaurant hasn't been reviewed yet-- let us know what you think!", "modified": "2013-02-13T10:50:48.486", "longitude": -75.1508239, "veg_level": 5, "phone": "(215) 627-7666", "cuisine_tags": [1], "address": "610 South 5th Street, Philadelphia, PA", "latitude": 39.9415219, "approval_status": "approved", "feature_tags": [13, 30]}}, {"pk": 105, "model": "vegancity.vendor", "fields": {"website": "http://www.gooddogbar.com/", "neighborhood": 1, "name": "Good Dog Bar & Restaurant", "created": "2013-01-29T12:29:44.329", "notes": "Their menu lists a vegan burger and a vegan sloppy joe. The bar has photos of dogs all over the walls, a pool table, darts, and a vintage arcade machine. This restaurant hasn't been reviewed yet-- let us know what you think!", "modified": "2013-02-13T10:39:47.035", "longitude": -75.1662055, "veg_level": 7, "phone": "(215) 985-9600", "cuisine_tags": [30, 12, 22], "address": "224 S 15th St Philadelphia", "latitude": 39.948793, "approval_status": "approved", "feature_tags": [14, 29, 16, 27, 19, 15]}}, {"pk": 61, "model": "vegancity.vendor", "fields": {"website": "http://thegoodkarmacafe.com/", "neighborhood": 3, "name": "Good Karma Cafe: Society Hill", "created": "2012-10-25T11:27:52.912", "notes": "Offers a number of vegan sandwiches, snacks, baked goods, and fruit. Also has lots of seating and a back room that can be reserved for meetings. ", "modified": "2013-02-13T10:22:00.138", "longitude": -75.1578331, "veg_level": 6, "phone": "(267) 519-8860", "cuisine_tags": [35], "address": "928 Pine St, Philadelphia, PA 19106", "latitude": 39.9446092, "approval_status": "approved", "feature_tags": [10, 5, 3, 9, 20]}}, {"pk": 2, "model": "vegancity.vendor", "fields": {"website": "http://govindasvegetarian.com/", "neighborhood": 1, "name": "Govinda's Gourmet To Go Vegetarian", "created": null, "notes": "Often a go-to-spot for vegan cheesesteaks, Govinda's offers a selection of mock meat sandwiches and wraps, in addition to housemade soups and salads. Govinda's To Go is the takeout/cafe style seating location, and Govinda's vegetarian is the dine-in restaurant next door, which is open Thursday-Sunday for dinner. Govinda's hasn't been reviewed yet-- let us know what you think!", "modified": "2013-02-13T10:16:51.591", "longitude": -75.1659929, "veg_level": 3, "phone": "(215) 985-9303", "cuisine_tags": [13, 9], "address": "1408 South Street, Philadelphia, PA", "latitude": 39.943571, "approval_status": "approved", "feature_tags": [8, 7, 30, 6]}}, {"pk": 123, "model": "vegancity.vendor", "fields": {"website": "http://greeneggscafe.com/", "neighborhood": 3, "name": "Green Eggs Cafe: Center City", "created": "2013-02-09T21:46:15.644", "notes": "This is a hot spot for brunch on the weekends. They offer vegan French toast with raspberry coulis and vegan whipped cream as well as vegan sausage. Make sure you tell the server you are vegan and they will help you navigate the offerings. This restaurant hasn't been reviewed yet-- let us know what you think!", "modified": "2013-02-13T12:02:18.642", "longitude": -75.1623654, "veg_level": 6, "phone": "(267) 861-0314", "cuisine_tags": [30, 20], "address": "212 South 13th St Philadelphia, PA", "latitude": 39.9480317, "approval_status": "approved", "feature_tags": [24, 12, 7, 32, 21, 23, 30, 25]}}, {"pk": 125, "model": "vegancity.vendor", "fields": {"website": "http://greeneggscafe.com/", "neighborhood": 33, "name": "Green Eggs Cafe: South Philly", "created": "2013-02-13T11:44:35.604", "notes": "This is a hot spot for brunch on the weekends. Vegan items on the menu are clearly indicated. This restaurant hasn't been reviewed yet-- let us know what you think!", "modified": "2013-02-13T12:01:59.360", "longitude": -75.1664664, "veg_level": 6, "phone": "(215) 226-3447 ", "cuisine_tags": [30, 20], "address": "1306 Dickinson St. Philadelphia, PA", "latitude": 39.9314916, "approval_status": "approved", "feature_tags": [24, 12, 21, 30, 25]}}, {"pk": 17, "model": "vegancity.vendor", "fields": {"website": "http://grindcorehouse.com/", "neighborhood": 7, "name": "Grindcore House", "created": null, "notes": "Philadelphia's all-vegan coffee shop. Enjoy vegan sandwiches, sweet treats, coffee, and a distinctly punk/metal vibe.", "modified": "2013-02-13T09:58:06.103", "longitude": -75.1519585, "veg_level": 1, "phone": "(215) 839-3333", "cuisine_tags": [35], "address": "1515 South 4th Street, Philadelphia, PA", "latitude": 39.9290992, "approval_status": "approved", "feature_tags": [10, 21, 6]}}, {"pk": 29, "model": "vegancity.vendor", "fields": {"website": "http://hamifgashkosherrestaurant.com/", "neighborhood": 1, "name": "Hamifgash Restaurant", "created": null, "notes": "Offers falafel, hummus, and baba ghanoush sandwiches. Closed Saturdays. This restaurant hasn't been reviewed yet-- let us know what you think!", "modified": "2013-02-13T10:23:49.930", "longitude": -75.154669, "veg_level": 6, "phone": "(215) 925-3550", "cuisine_tags": [42, 29], "address": "811 Sansom Street, Philadelphia, PA", "latitude": 39.949031, "approval_status": "approved", "feature_tags": [13, 2]}}, {"pk": 137, "model": "vegancity.vendor", "fields": {"website": "", "neighborhood": 21, "name": "Hibiscus", "created": "2013-02-15T17:49:49.726", "notes": "Primarily a juice bar with a medium-sized, mostly vegan menu with wraps and sandwiches. They make a vegan pizza. All of their baked goods are vegan. Hibiscus hasn't been reviewed yet-- let us know what you think!", "modified": "2013-02-18T09:39:58.762", "longitude": -75.221599, "veg_level": 5, "phone": "(215) 307-3749", "cuisine_tags": [35, 32, 25, 37], "address": "4907 Catherine Street, Philadelphia, PA", "latitude": 39.9480376, "approval_status": "approved", "feature_tags": [17, 9, 20, 6]}}, {"pk": 37, "model": "vegancity.vendor", "fields": {"website": "http://hipcityveg.com/", "neighborhood": 1, "name": "HipCityVeg", "created": null, "notes": "In addition to being all vegan, HipCityVeg is also eco-friendly with bike delivery, compostable food packaging, and local food sourcing. Their menu offers a diverse range of burgers, sandwiches, salads, desserts, and seasonal specials. ", "modified": "2013-02-13T09:47:12.607", "longitude": -75.1705935, "veg_level": 1, "phone": "(215) 278-7605", "cuisine_tags": [30, 34, 25], "address": "127 South 18th Street, Philadelphia, PA", "latitude": 39.9508047, "approval_status": "approved", "feature_tags": [13, 30, 9, 20]}}, {"pk": 89, "model": "vegancity.vendor", "fields": {"website": "http://honeyssitneat.com/", "neighborhood": 4, "name": "Honey's Sit 'n Eat", "created": "2012-11-08T00:51:24.163", "notes": "Honey's is one of Philadelphia's weekend brunch hotspots, so the wait for a table is often long. Their vegan brunch option is a generously sized plate of savory tofu scramble.  Watch out for an additional location in Graduate Hospital opening soon. Honey's hasn't been reviewed yet-- let us know what you think! ", "modified": "2013-02-13T10:08:37.216", "longitude": -75.1444622, "veg_level": 7, "phone": "(215) 925-1150", "cuisine_tags": [30, 40, 6], "address": "800 North 4th Street, Philadelphia, PA, ", "latitude": 39.9639882, "approval_status": "approved", "feature_tags": [24, 22, 12, 27, 23, 25]}}, {"pk": 52, "model": "vegancity.vendor", "fields": {"website": "http://thehotdiggity.com/", "neighborhood": 3, "name": "Hot Diggity", "created": null, "notes": "Hot Diggity features regionally inspired hot dogs like 'The Bronx Bomber' and 'The Cincinnati Skyline,' along with handcut fries and a variety of vegan and non-vegan dipping sauces. All dogs can be made vegan or vegetarian. Hot Diggity also features its own homemade root beer. \r\n\r\nNOTE: The veggie dogs are vegan, but the buns are not vegan unless you request a vegan bun.  Be sure to request a \"vegan veggie dog\" and not just a \"veggie dog\".", "modified": "2013-01-30T16:05:15.014", "longitude": -75.1531772, "veg_level": 6, "phone": "(267) 886-9253", "cuisine_tags": [30, 13], "address": "630 South Street, Philadelphia, PA", "latitude": 39.9420524, "approval_status": "approved", "feature_tags": [17, 28, 13, 7, 27]}}, {"pk": 114, "model": "vegancity.vendor", "fields": {"website": "", "neighborhood": 21, "name": "Hummus Grill", "created": "2013-02-02T16:03:02.631", "notes": "Offers Mediterranean food with vegan items clearly marked on the menu. Falafel sandwiches come with lots of vegetable options. Online ordering available. Hummus hasn't been reviewed yet-- let us know what you think!", "modified": "2013-02-12T17:31:34.162", "longitude": -75.202112, "veg_level": 5, "phone": "(215) 222-5300", "cuisine_tags": [39, 5], "address": "3931 Walnut St, Philadelphia, PA", "latitude": 39.95437, "approval_status": "approved", "feature_tags": [17, 13, 30, 19, 9]}}, {"pk": 30, "model": "vegancity.vendor", "fields": {"website": "http://khyberpasspub.com/", "neighborhood": 1, "name": "Khyber Pass Pub", "created": null, "notes": "The Khyber is a Louisiana soul food joint that's a sister restaurant of the Royal Tavern and Cantina Dos Segundos + Los Caballitos. There are several vegan and vegetarian lunch/brunch/dinner entrees, and they are all clearly marked on the menu, There is also usually at least one vegan special. ", "modified": "2013-02-12T17:27:36.852", "longitude": -75.14406, "veg_level": 5, "phone": "(215) 238-5888", "cuisine_tags": [30, 18, 12, 7], "address": "56 South 2nd Street, Philadelphia, PA", "latitude": 39.9486212, "approval_status": "approved", "feature_tags": [14, 29, 28, 27, 19, 9, 25, 6]}}, {"pk": 40, "model": "vegancity.vendor", "fields": {"website": "", "neighborhood": 4, "name": "Kind Cafe", "created": null, "notes": "This restaurant is closed.", "modified": "2013-02-08T13:30:27.454", "longitude": -75.1430223, "veg_level": null, "phone": "", "cuisine_tags": [], "address": "724 North 3rd Street, Philadelphia, PA", "latitude": 39.9630231, "approval_status": "pending", "feature_tags": []}}, {"pk": 13, "model": "vegancity.vendor", "fields": {"website": "http://kingdomofvegetarians.com/", "neighborhood": 1, "name": "Kingdom of Vegetarians Restaurant", "created": null, "notes": "Offers a range of mock meats, tofu, and vegetable entrees. The Monday-Sunday lunch menu includes an entree with soup for $7. Note: no delivery. This restaurant hasn't been reviewed yet-- let us know what you think!\r\n", "modified": "2013-02-12T17:35:03.613", "longitude": -75.1573818, "veg_level": 1, "phone": "(215) 413-2290", "cuisine_tags": [1], "address": "129 North 11th Street #1, Philadelphia, PA", "latitude": 39.9548386, "approval_status": "approved", "feature_tags": [17, 7]}}, {"pk": 90, "model": "vegancity.vendor", "fields": {"website": "https://www.facebook.com/kungfuhoagie", "neighborhood": 21, "name": "Kung Fu Hoagies", "created": "2012-11-29T10:26:35.530", "notes": "One of Philly's only fully vegetarian food carts, KFH offers traditional tofu bahn mi sandwiches and veggie pho + ramen soups as regulars on the menu, but you can often get your hands on a sticky rice special. And just about everything is under $5. Follow @kungfuhoagies for updates on the cart location.", "modified": "2013-01-30T16:08:26.167", "longitude": -75.1987043, "veg_level": 2, "phone": "(267) 344-6259", "cuisine_tags": [17, 1, 13, 8], "address": "104 S. 38th St., Philadelphia, PA 19104", "latitude": 39.9540638, "approval_status": "approved", "feature_tags": [17, 7, 11, 9]}}, {"pk": 63, "model": "vegancity.vendor", "fields": {"website": "http://www.littlebabysicecream.com/", "neighborhood": 4, "name": "Little Baby's Ice Cream", "created": "2012-10-25T16:51:48.485", "notes": "Little Baby's features creative flavors of small batch dairy and non-dairy ice cream. Vegan flavors are coconut- or almond-based. Their storefront in Fishtown is open all year round, and their tricycle carts can usually be spotted at events around the city. Follow @LittleBabysIC for updates on cart locations and new flavors.", "modified": "2013-01-27T23:50:34.277", "longitude": -75.1282432, "veg_level": 5, "phone": "(267) 687-8567", "cuisine_tags": [30, 36, 37], "address": "2311 Frankford Ave, Philadelphia, PA 19125", "latitude": 39.9807042, "approval_status": "approved", "feature_tags": [28, 11, 6]}}, {"pk": 50, "model": "vegancity.vendor", "fields": {"website": "http://local44beerbar.com/", "neighborhood": 10, "name": "Local 44", "created": null, "notes": "Vegan and vegetarian options are clearly noted on the menu. Vegan lunch/dinner entrees include a seitan reuben, black bean burger, tempeh tacos, and General Tso's tofu. Brunch option is a shiitake tofu sandwich. This restaurant hasn't been reviewed yet-- let us know what you think!", "modified": "2013-02-12T16:54:23.728", "longitude": -75.2104579, "veg_level": 6, "phone": "(215) 222-2337", "cuisine_tags": [30, 12, 34, 25], "address": "4333 Spruce Street, Philadelphia, PA", "latitude": 39.9528093, "approval_status": "approved", "feature_tags": [14, 29, 16, 9, 25, 15]}}, {"pk": 122, "model": "vegancity.vendor", "fields": {"website": "http://www.madmex.com/", "neighborhood": 21, "name": "Mad Mex", "created": "2013-02-06T18:21:21.904", "notes": "Offers several vegan options and will make most dishes vegan with marinated tofu, beans, or mushrooms. They also offer Daiya cheese and Tofutti sour cream. ", "modified": "2013-02-12T16:49:20.641", "longitude": -75.193026, "veg_level": 5, "phone": "(215) 382-2221", "cuisine_tags": [3, 38], "address": "3401 Walnut St., Philadelphia, PA", "latitude": 39.952998, "approval_status": "approved", "feature_tags": [14, 29, 28, 16, 27, 3, 30, 19, 6, 15]}}, {"pk": 118, "model": "vegancity.vendor", "fields": {"website": "http://www.magiccarpetfoods.com/", "neighborhood": 21, "name": "Magic Carpet Foods", "created": "2013-02-04T09:04:42.598", "notes": "Lunchtime food card that is located at 34th and Walnut Streets on Monday-Friday. Offers a set menu of dishes with seitan, tofu, tempeh, and veggies in addition of a variety of rotating special meals and wraps. Magic Carpet hasn't been reviewed yet-- let us know what you think!\r\n\r\n\r\n", "modified": "2013-02-12T16:48:55.313", "longitude": -75.1920992, "veg_level": 2, "phone": "", "cuisine_tags": [30, 33, 39, 27, 3, 5, 25], "address": "34th and Walnut, Philadelphia, PA", "latitude": 39.9528123, "approval_status": "approved", "feature_tags": [17, 28, 7, 11, 23, 9, 6]}}, {"pk": 4, "model": "vegancity.vendor", "fields": {"website": "http://mamasvegetarian.com/", "neighborhood": 1, "name": "Mama's Vegetarian", "created": null, "notes": "Offers hummus and pita sandwiches and veggie platters. Small seating area. Closed Saturdays. ", "modified": "2013-02-12T16:50:11.936", "longitude": -75.1734554, "veg_level": 3, "phone": "(215) 751-0477", "cuisine_tags": [39, 42, 40, 5], "address": "18 South 20th Street, Philadelphia, PA", "latitude": 39.9526916, "approval_status": "approved", "feature_tags": [12, 17, 2, 30]}}, {"pk": 95, "model": "vegancity.vendor", "fields": {"website": "http://www.maozusa.com/restaurants/locations/philadelphia", "neighborhood": 1, "name": "Maoz Vegetarian: South Street", "created": "2013-01-28T11:21:31.834", "notes": "All vegetarian falafel takeout with a fully loaded self-serve topping/salad bar. Seating is limited. This restaurant hasn't been reviewed yet-- let us know what you think!", "modified": "2013-02-12T16:40:56.759", "longitude": -75.1473243, "veg_level": 2, "phone": "(215) 625-3500", "cuisine_tags": [39, 13], "address": "248 South St, Philadelphia, PA 19147", "latitude": 39.9412573, "approval_status": "approved", "feature_tags": [17, 30]}}, {"pk": 3, "model": "vegancity.vendor", "fields": {"website": "http://maozusa.com/", "neighborhood": 1, "name": "Maoz Vegetarian: Walnut Street", "created": null, "notes": "All vegetarian falafel takeout with a fully loaded self-serve topping/salad bar. Seating is limited. This restaurant hasn't been reviewed yet-- let us know what you think!", "modified": "2013-02-12T16:41:11.332", "longitude": -75.1597739, "veg_level": 2, "phone": "(215) 922-3409", "cuisine_tags": [39, 13], "address": "1115 Walnut Street, Philadelphia, PA", "latitude": 39.9490062, "approval_status": "approved", "feature_tags": [17, 30]}}, {"pk": 21, "model": "vegancity.vendor", "fields": {"website": "http://memphistaproom.com/", "neighborhood": 9, "name": "Memphis Taproom", "created": null, "notes": "Vegan and vegetarian items are clearly marked on the menu, and there are sometimes vegan specials. Vegan options include hot sandwiches and a pumpkin pot pie on the lunch/dinner menu, and belgian waffles and tofu scramble on the brunch menu.", "modified": "2013-02-16T16:56:40.790", "longitude": -75.123008, "veg_level": 6, "phone": "(215) 425-4460", "cuisine_tags": [30, 12, 34, 22], "address": "2331 East Cumberland Street, Philadelphia, PA", "latitude": 39.9803592, "approval_status": "approved", "feature_tags": [14, 29, 16, 19, 9, 25]}}, {"pk": 1, "model": "vegancity.vendor", "fields": {"website": "http://milahvegetarian.com/", "neighborhood": 1, "name": "Mi Lah Vegetarian", "created": null, "notes": "Offers diverse lunch, dinner, and brunch menus with creative combinations of vegetables, tofu, and seitan. There is plenty of seating so there's usually no wait for weekend brunch. ", "modified": "2013-02-12T16:31:30.035", "longitude": -75.1677507, "veg_level": 1, "phone": "(215) 732-8888", "cuisine_tags": [30, 17, 14], "address": "218 South 16th Street, Philadelphia, PA", "latitude": 39.9491679, "approval_status": "approved", "feature_tags": [22, 31, 25]}}, {"pk": 71, "model": "vegancity.vendor", "fields": {"website": "http://www.missrachelspantry.com/", "neighborhood": 23, "name": "Miss Rachel's Pantry", "created": "2012-10-25T17:37:50.736", "notes": "A vegan catering/meal delivery service and private event space that hosts Saturday night dinners open to the public. Saturday dinners include a four-course vegan meal for $45, which you should make a reservation for 1-2 weeks ahead of time. On Wednesdays, you can also get an $11 lunch delivered anywhere in Center City. Miss Rachel's has not been reviewed yet-- let us know what you think!", "modified": "2013-02-12T16:07:07.166", "longitude": -75.1755284, "veg_level": 1, "phone": "(215) 798-0053", "cuisine_tags": [30, 37], "address": "1732 West Passyunk Avenue, Philadelphia, PA, United States", "latitude": 39.9244035, "approval_status": "approved", "feature_tags": [13, 27, 26]}}, {"pk": 102, "model": "vegancity.vendor", "fields": {"website": "http://www.moodcafephilly.com/", "neighborhood": 21, "name": "Mood Cafe", "created": "2013-01-28T22:30:42.878", "notes": "Takeout place that serves chaats (savory snacks of crispy bread and vegetables), which can be made vegan upon request. Also serves Vegan Lassis with almond or coconut milk in a variety of flavors. This restaurant hasn't been reviewed yet-- let us know what you think!", "modified": "2013-02-12T15:39:09.189", "longitude": -75.2159835, "veg_level": 7, "phone": "(215) 222-1037", "cuisine_tags": [9], "address": "4618 Baltimore Ave, Philadelphia, PA", "latitude": 39.9487143, "approval_status": "approved", "feature_tags": [30]}}, {"pk": 91, "model": "vegancity.vendor", "fields": {"website": "http://mugshotscoffeehouse.com/", "neighborhood": 4, "name": "Mugshots Coffeehouse & Cafe: Brewerytown", "created": "2012-11-29T11:44:21.749", "notes": "Hit up Mugshots for a vegan hummus and veggie wrap, a tofu bahn mi, a mock meat bagel sandwich, or vegan chili. Also check out its events calendar for Open Mic Nights and other community events. This restaurant hasn't been reviewed yet-- let us know what you think!", "modified": "2013-02-12T15:36:21.079", "longitude": -75.1707084, "veg_level": 6, "phone": "(215) 717-3327", "cuisine_tags": [30, 35, 25], "address": "2831 W. Girard Ave., Philadelphia, PA 19130", "latitude": 39.9729078, "approval_status": "approved", "feature_tags": [10, 30, 9, 20]}}, {"pk": 16, "model": "vegancity.vendor", "fields": {"website": "http://mugshotscoffeehouse.com/", "neighborhood": 6, "name": "Mugshots Coffeehouse & Cafe: Fairmount", "created": null, "notes": "Hit up Mugshots for a vegan hummus and veggie wrap, a tofu bahn mi, a mock meat bagel sandwich, or vegan chili. Also check out its events calendar for Open Mic Nights and other community events. This restaurant hasn't been reviewed yet-- let us know what you think!", "modified": "2013-02-12T15:34:45.630", "longitude": -75.169569, "veg_level": 6, "phone": "(267) 514-7145", "cuisine_tags": [30, 35, 25], "address": "1925 Fairmount Avenue, Philadelphia, PA", "latitude": 39.967478, "approval_status": "approved", "feature_tags": [10, 13, 9, 20]}}, {"pk": 44, "model": "vegancity.vendor", "fields": {"website": "http://mumbaibistro.com/", "neighborhood": 3, "name": "Mumbai Bistro", "created": null, "notes": "Offers an ala carte menu and buffet with entrees that do not have butter or ghee. Unlike many Indian restaurants, vegan items are clearly marked on the menu and buffet. Buffet is $4.95/lb. Closed Mondays.", "modified": "2013-02-13T20:56:19.992", "longitude": -75.1572316, "veg_level": 6, "phone": "(215) 418-0444", "cuisine_tags": [9], "address": "930 Locust Street, Philadelphia, PA", "latitude": 39.9472727, "approval_status": "approved", "feature_tags": [13, 3, 30]}}, {"pk": 70, "model": "vegancity.vendor", "fields": {"website": "http://www.facebook.com/pages/Nam-Son/136452139764656", "neighborhood": 22, "name": "Nam Son", "created": "2012-10-25T17:37:00.021", "notes": "Offers a tofu bahn mi sandwich for under $5. Lots of seating makes this a good spot for large groups. This restaurant hasn't been reviewed yet-- let us know what you think!", "modified": "2013-02-12T15:24:22.790", "longitude": -75.1703859, "veg_level": 7, "phone": "(202) 667-0300", "cuisine_tags": [8], "address": "1601 Washington Ave, Philadelphia, PA 19146", "latitude": 39.938513, "approval_status": "approved", "feature_tags": [17, 9]}}, {"pk": 5, "model": "vegancity.vendor", "fields": {"website": "http://newharmonyvegetarian.com/", "neighborhood": 2, "name": "New Harmony Vegetarian Restaurant", "created": null, "notes": "Offers a range of mock chicken, beef, duck, and seafood entrees and dim sum options. This restaurant hasn't been reviewed yet-- let us know what you think!", "modified": "2013-02-12T15:18:08.906", "longitude": -75.1543954, "veg_level": 1, "phone": "(215) 627-4520", "cuisine_tags": [1, 21], "address": "135 North 9th Street, Philadelphia, PA", "latitude": 39.9544025, "approval_status": "approved", "feature_tags": [13, 7, 30]}}, {"pk": 130, "model": "vegancity.vendor", "fields": {"website": "http://www.northbowlphilly.com/", "neighborhood": 4, "name": "North Bowl", "created": "2013-02-15T14:09:55.709", "notes": "Northbowl is a 1950s themed bowling alley that serves a full menu of food right at your lane. They have some vegan options including a vegan BLT, soba noodles, and tater tots. Cash only for bowling. 21+ after 9pm. Northbowl hasn't been reviewed yet-- let us know what you think!", "modified": "2013-02-18T10:02:10.209", "longitude": -75.1403877, "veg_level": 6, "phone": "(215) 238-2695", "cuisine_tags": [30, 12], "address": "909 North 2nd Street, Philadelphia, PA ", "latitude": 39.964403, "approval_status": "approved", "feature_tags": [14, 29, 16, 27, 19, 9, 15]}}, {"pk": 96, "model": "vegancity.vendor", "fields": {"website": "http://pfchangs.com/", "neighborhood": null, "name": "PF. Chang's China Bistro", "created": "2013-01-28T12:32:13.528", "notes": "TEST", "modified": "2013-01-28T12:32:13.528", "longitude": -75.2855247, "veg_level": 4, "phone": "(610) 567-0226", "cuisine_tags": [], "address": "Plymouth Meeting Mall\r\n510 Germantown Pike\r\nPlymouth Meeting, PA 19462\r\n", "latitude": 40.1151867, "approval_status": "pending", "feature_tags": []}}, {"pk": 86, "model": "vegancity.vendor", "fields": {"website": "http://www.philadelphiachutneyco.com/", "neighborhood": 1, "name": "Philadelphia Chutney Company", "created": "2012-11-04T21:21:01.517", "notes": "Specializes in dosas, which can be made vegan. This restaurant has not been reviewed yet-- let us know what you think!", "modified": "2013-02-12T14:06:02.357", "longitude": -75.1681204, "veg_level": 6, "phone": "(215) 564-6446", "cuisine_tags": [9], "address": "1628 Sansom Street, Philadelphia, PA", "latitude": 39.9506838, "approval_status": "approved", "feature_tags": [17, 30]}}, {"pk": 42, "model": "vegancity.vendor", "fields": {"website": "http://pubonpassyunkeast.com/", "neighborhood": 5, "name": "Pub On Passyunk East", "created": null, "notes": "Vegan and vegetarian options are clearly marked on the menu. Offers a tofu scramble as a vegan brunch entree and a vegan cheesesteak as a vegan dinner entree, in addition to a few vegan starters and sides. ", "modified": "2013-02-12T14:08:12.694", "longitude": -75.1620271, "veg_level": 7, "phone": "(215) 755-5125", "cuisine_tags": [12], "address": "1501 East Passyunk Avenue, Philadelphia, PA", "latitude": 39.9308179, "approval_status": "approved", "feature_tags": [14, 17, 8, 16, 19]}}, {"pk": 33, "model": "vegancity.vendor", "fields": {"website": "http://puresweets.com/", "neighborhood": 12, "name": "Pure Sweets", "created": null, "notes": "Vegan, kosher, and gluten-free wholesale bakery that distributes at grocery stores and coffeeshops throughout the city. The address listed here is not a storefront; it's where Pure Sweets' commercial kitchen is located. Pure Sweets hasn't been reviewed yet-- let us know what you think!", "modified": "2013-02-12T14:00:10.732", "longitude": -75.1908545, "veg_level": 1, "phone": "(215) 518-9007", "cuisine_tags": [19], "address": "3580 Indian Queen Lane, Philadelphia, PA", "latitude": 40.0098211, "approval_status": "approved", "feature_tags": [4, 5, 2, 6]}}, {"pk": 57, "model": "vegancity.vendor", "fields": {"website": "http://qdoba.com/", "neighborhood": 10, "name": "Qdoba Mexican Grill: West Philly", "created": null, "notes": "Offers fast Mexican food with vegan rice, bean, and veggie options, but no vegan cheese or sour cream options. This restaurant hasn't been reviewed yet-- let us know what you think!  ", "modified": "2013-02-12T13:44:57.230", "longitude": -75.2029367, "veg_level": 7, "phone": "(215) 222-2887", "cuisine_tags": [3], "address": "230 South 40th Street, Philadelphia, PA", "latitude": 39.9531009, "approval_status": "approved", "feature_tags": [17, 30]}}, {"pk": 88, "model": "vegancity.vendor", "fields": {"website": "http://therandomtearoom.com/", "neighborhood": 4, "name": "Random Tea Room", "created": "2012-11-07T17:27:44.857", "notes": "Tea Room and Curiosity Shop with some vegan snacks and an extensive selection of teas. Closed Mondays. This restaurant hasn't been reviewed yet-- let us know what you think!", "modified": "2013-02-12T13:47:10.548", "longitude": -75.1444661, "veg_level": 7, "phone": "(267) 639-2442", "cuisine_tags": [35], "address": "713 North 4th Street, Philadelphia, PA ", "latitude": 39.963137, "approval_status": "approved", "feature_tags": [27, 3, 21]}}, {"pk": 104, "model": "vegancity.vendor", "fields": {"website": "", "neighborhood": 1, "name": "Rice & Mix", "created": "2013-01-29T12:26:26.199", "notes": "Menu lists vegetarian soon du bu, jap chae, bibimbop, and the option to build your own bowl. This restaurant hasn't been reviewed yet-- let us know what you think!", "modified": "2013-02-12T13:38:29.310", "longitude": -75.1610146, "veg_level": 6, "phone": "(215) 574-3500", "cuisine_tags": [28], "address": "1207 Walnut St, Philadelphia, PA", "latitude": 39.9489505, "approval_status": "approved", "feature_tags": [30]}}, {"pk": 18, "model": "vegancity.vendor", "fields": {"website": "http://royaltavern.com/", "neighborhood": 8, "name": "Royal Tavern", "created": null, "notes": "Vegan and vegetarian options are clearly noted on the menu, and there is usually at least one vegan special. Vegan entrees include a tofu and tempeh hash for brunch, and a tempeh club, vegan sloppy joe, and grilled sweet potato bahn mi for lunch and dinner. ", "modified": "2013-02-16T17:09:58.045", "longitude": -75.1546005, "veg_level": 6, "phone": "(215) 389-6694", "cuisine_tags": [30, 12, 34, 25], "address": "937 East Passyunk Avenue, Philadelphia, PA", "latitude": 39.9370832, "approval_status": "approved", "feature_tags": [14, 29, 28, 19, 25, 6]}}, {"pk": 73, "model": "vegancity.vendor", "fields": {"website": "http://www.saadhalal.com/", "neighborhood": 10, "name": "Saad's Halal Restaurant", "created": "2012-10-29T23:59:01.839", "notes": "Offers a selection of falafel, hummus, tabouli, and baba ghanouj. This restaurant hasn't been reviewed yet-- let us know what you think!", "modified": "2013-02-12T13:30:48.522", "longitude": -75.2117577, "veg_level": 7, "phone": "(215) 222-7223", "cuisine_tags": [5], "address": "4500 Walnut St, Philadelphia, PA", "latitude": 39.9551533, "approval_status": "approved", "feature_tags": [12, 17, 1]}}, {"pk": 59, "model": "vegancity.vendor", "fields": {"website": "http://sabrinascafe.com/", "neighborhood": 6, "name": "Sabrina's Cafe: Fairmount", "created": null, "notes": "Offers all day breakfast including vegan tofu scramble, in addition to several vegan lunch/dinner entrees. There is also always a vegan brunch special. Sabrina's is one of Philly's most popular weekend brunch joints, and the wait can be upwards of an hour especially if you have a larger group. This restaurant hasn't been reviewed yet-- let us know what you think!", "modified": "2013-02-12T13:27:40.065", "longitude": -75.1686357, "veg_level": 6, "phone": "(215) 636-9061", "cuisine_tags": [20], "address": "1804 Callowhill Street, Philadelphia, PA 19130", "latitude": 39.960349, "approval_status": "approved", "feature_tags": [24, 22, 28, 27, 3, 25, 6]}}, {"pk": 58, "model": "vegancity.vendor", "fields": {"website": "http://sabrinascafe.com/", "neighborhood": 5, "name": "Sabrina's Cafe: Italian Market", "created": null, "notes": "Offers all day breakfast including vegan tofu scramble, in addition to several vegan lunch/dinner entrees. There is also always a vegan brunch special. Sabrina's is one of Philly's most popular weekend brunch joints, and the wait can be upwards of an hour especially if you have a larger group. This restaurant hasn't been reviewed yet-- let us know what you think!", "modified": "2013-02-12T13:27:13.443", "longitude": -75.1582199, "veg_level": 6, "phone": "(215) 574-1599", "cuisine_tags": [20], "address": "910 Christian Street, Philadelphia, PA 19147", "latitude": 39.9389505, "approval_status": "approved", "feature_tags": [24, 22, 28, 27, 3, 25]}}, {"pk": 60, "model": "vegancity.vendor", "fields": {"website": "http://www.themorningglorydiner.com/", "neighborhood": 5, "name": "Sam's Morning Glory Diner", "created": null, "notes": "Vegan options include a tofu scramble, a veggie burger in a pita with hummus, and a cheesesteak without cheese (vegan cheese isn't available). Vegetarians also have the option of a grilled cheese sandwich or mac and cheese. This restaurant has not been reviewed yet-- let us know what you think!", "modified": "2013-02-12T13:14:25.613", "longitude": -75.1589399, "veg_level": 7, "phone": "(215) 413-3999", "cuisine_tags": [20, 25], "address": "735 S 10th St, Philadelphia PA, 19147", "latitude": 39.9408633, "approval_status": "approved", "feature_tags": [24, 12, 23, 9]}}, {"pk": 22, "model": "vegancity.vendor", "fields": {"website": "http://www.sansamosa.com/", "neighborhood": 1, "name": "San Samosa", "created": null, "notes": "Vegan items are not clearly marked on the menu, but vegetarian items are. Offers mock meat substitutes for curries, tikka masala, and vindaloo, in addition to vegetable biryani and korma dishes. This restaurant has not been reviewed yet-- let us know what you think!", "modified": "2013-02-12T11:58:35.799", "longitude": -75.1612782, "veg_level": 7, "phone": "(215) 546-2009", "cuisine_tags": [9], "address": "1214 Walnut Street, Philadelphia, PA", "latitude": 39.9489816, "approval_status": "approved", "feature_tags": [13, 7]}}, {"pk": 92, "model": "vegancity.vendor", "fields": {"website": "http://www.santafeburrito.com/", "neighborhood": 3, "name": "Santa Fe Burrito: Center City", "created": "2012-12-16T16:57:22.117", "notes": "This place has closed.", "modified": "2013-02-17T18:40:02.675", "longitude": -75.1592112, "veg_level": 6, "phone": "(215) 413-2378", "cuisine_tags": [3, 38], "address": "212 S 11th St, Philadelphia, PA", "latitude": 39.9481641, "approval_status": "pending", "feature_tags": [13, 30]}}, {"pk": 93, "model": "vegancity.vendor", "fields": {"website": "http://www.santafeburrito.com/", "neighborhood": 26, "name": "Santa Fe Burrito: Wynnewood", "created": "2012-12-16T17:01:31.479", "notes": "Offers burritos and tacos with a mock meat option, but their menu doesn't list vegan cheese or sour cream options. This restaurant has not been reviewed yet-- let us know what you think!", "modified": "2013-02-12T11:51:46.934", "longitude": -75.2726969, "veg_level": 6, "phone": "(610) 649-0600", "cuisine_tags": [3, 38], "address": "50 E Wynnewood Rd, Wynnewood, PA 19096", "latitude": 40.0017179, "approval_status": "approved", "feature_tags": [13, 30]}}, {"pk": 84, "model": "vegancity.vendor", "fields": {"website": "http://www.facebook.com/pages/The-Satellite-Cafe/234221543635", "neighborhood": 24, "name": "Satellite Cafe", "created": "2012-11-03T20:12:26.129", "notes": "Offers bagels with vegan cream cheese in addition to sandwiches, wraps, and quesadillas with Daiya cheese, tofu, black bean, and veggie options. Everything listed on the menu is under $5. This restaurant hasn't been reviewed yet-- let us know what you think!", "modified": "2013-02-12T11:43:13.505", "longitude": -75.2229305, "veg_level": 6, "phone": "(215) 729-1211", "cuisine_tags": [35], "address": "701 S 50th St Philadelphia, PA", "latitude": 39.9477956, "approval_status": "approved", "feature_tags": [12, 17, 3, 9, 6]}}, {"pk": 10, "model": "vegancity.vendor", "fields": {"website": "http://singaporevegetarian.com/", "neighborhood": 2, "name": "Singapore Kosher Vegetarian Restaurant", "created": null, "notes": "Offers a large vegan dim sum menu, in addition to mock meat dishes, tofu/vegetable plates, and chef's specials. This restaurant has not been reviewed yet-- let us know what you think!", "modified": "2013-02-12T11:33:26.751", "longitude": -75.1562303, "veg_level": 1, "phone": "(215) 922-3288", "cuisine_tags": [1, 21], "address": "1006 Race Street, Philadelphia, PA", "latitude": 39.9553515, "approval_status": "approved", "feature_tags": [13, 7, 2, 30, 19]}}, {"pk": 19, "model": "vegancity.vendor", "fields": {"website": "http://sketch-burger.com/", "neighborhood": 4, "name": "Sketch", "created": null, "notes": "Offers a vegan bean burger with several vegan sauce options, but no vegan cheese options. Also offers vegan desserts and milkshakes made with non-dairy ice cream. This restaurant hasn't been reviewed yet-- let us know what you think!", "modified": "2013-02-12T11:14:19.667", "longitude": -75.1301035, "veg_level": 7, "phone": "(215) 634-3466", "cuisine_tags": [34], "address": "413 East Girard Avenue, Philadelphia, PA", "latitude": 39.970509, "approval_status": "approved", "feature_tags": [30, 6]}}, {"pk": 136, "model": "vegancity.vendor", "fields": {"website": "http://www.slicepa.com/", "neighborhood": 1, "name": "Slice - Center City", "created": "2013-02-15T14:32:46.835", "notes": "They have vegan cheese", "modified": "2013-02-15T14:32:46.851", "longitude": -75.1701698, "veg_level": 7, "phone": "(215) 557-9299", "cuisine_tags": [11], "address": "1740 Sansom St\r\nPhiladelphia, PA 19103", "latitude": 39.950739, "approval_status": "pending", "feature_tags": [22]}}, {"pk": 135, "model": "vegancity.vendor", "fields": {"website": "http://www.slicepa.com/", "neighborhood": 33, "name": "Slice - South Philly", "created": "2013-02-15T14:31:47.791", "notes": "They have vegan cheese", "modified": "2013-02-15T14:31:47.808", "longitude": -75.1605044, "veg_level": 7, "phone": "(215) 463-0868", "cuisine_tags": [11], "address": "1180 S 10th St\r\nPhiladelphia, PA 19147", "latitude": 39.9346766, "approval_status": "pending", "feature_tags": [22, 13]}}, {"pk": 34, "model": "vegancity.vendor", "fields": {"website": "http://southphiladelphiataproom.com/", "neighborhood": 13, "name": "South Philadelphia Tap Room", "created": null, "notes": "Vegan and vegetarian items are clearly marked on the menu, but the spicy vegan hoagie is the only vegan lunch/dinner/brunch option. This restaurant hasn't been reviewed yet-- let us know what you think!", "modified": "2013-02-12T11:07:10.414", "longitude": -75.171476, "veg_level": 7, "phone": "(215) 271-7787", "cuisine_tags": [30, 12], "address": "1509 Mifflin Street, Philadelphia, PA", "latitude": 39.927184, "approval_status": "approved", "feature_tags": [14, 29, 16, 27, 19]}}, {"pk": 28, "model": "vegancity.vendor", "fields": {"website": "https://www.facebook.com/soycafe", "neighborhood": 4, "name": "Soy Cafe", "created": null, "notes": "Offers hot/cold sandwiches, wraps, and salads that can be made vegan. Also offers an extensive selection of freshly made smoothies and seasonal juices. This restaurant hasn't been reviewed yet-- let us know what you think!", "modified": "2013-02-12T10:51:57.205", "longitude": -75.1413269, "veg_level": 6, "phone": "(215) 922-1003", "cuisine_tags": [30, 35, 13, 25], "address": "630 North 2nd Street, Philadelphia, PA 19123", "latitude": 39.9617512, "approval_status": "approved", "feature_tags": [12, 17, 8, 13, 7, 30, 9, 20]}}, {"pk": 12, "model": "vegancity.vendor", "fields": {"website": "http://suxinghouse.com/", "neighborhood": 1, "name": "Su Xing House", "created": null, "notes": "Offers a vast selection of tofu/vegetable plates and chef's specialties. Some plates have eggs, but can be made without. Monday-Saturday lunch specials includes a main, soup, and side for around $7. Closed Sundays.", "modified": "2013-02-12T13:16:30.766", "longitude": -75.166343, "veg_level": 2, "phone": "(215) 564-1419", "cuisine_tags": [1], "address": "1508 Sansom Street, Philadelphia, PA 19102", "latitude": 39.950243, "approval_status": "approved", "feature_tags": [28, 7]}}, {"pk": 11, "model": "vegancity.vendor", "fields": {"website": "http://sweetfreedombakery.com/", "neighborhood": 1, "name": "Sweet Freedom Bakery", "created": null, "notes": "One of Philly's fully vegan and gluten-free bakeries. Offers cupcakes, cookies, muffins, donuts, breads, and other sweet treats. Special orders accepted. Closed Mondays.  ", "modified": "2013-02-12T13:53:35.734", "longitude": -75.1664505, "veg_level": 1, "phone": "(215) 545-1899", "cuisine_tags": [19], "address": "1424 South St, Philadelphia, PA 19146", "latitude": 39.9437139, "approval_status": "approved", "feature_tags": [4, 6]}}, {"pk": 126, "model": "vegancity.vendor", "fields": {"website": "http://www.sweetgreen.com/", "neighborhood": 21, "name": "Sweet Green ", "created": "2013-02-15T12:39:52.767", "notes": "", "modified": "2013-02-16T21:52:33.973", "longitude": -75.2018638, "veg_level": 2, "phone": "(215) 386-1365", "cuisine_tags": [25], "address": "3925 Walnut St  Philadelphia, PA 19104", "latitude": 39.9540346, "approval_status": "pending", "feature_tags": [28, 13, 32, 3, 30, 33, 9]}}, {"pk": 64, "model": "vegancity.vendor", "fields": {"website": "http://www.tamarindsouthstreet.com/", "neighborhood": 1, "name": "Tamarind Thai", "created": "2012-10-25T17:25:54.906", "notes": "Like most Thai places, the vegetarian menu is a misnomer. Most items on the vegetarian menu actually have seafood ingredients such as fish sauce.\r\n\r\nHowever, unlike most Thai places, Tamarind is able to make most menu items without animal ingredients upon request.", "modified": "2013-02-12T10:20:00.318", "longitude": -75.1447146, "veg_level": 7, "phone": "(215) 925-2764", "cuisine_tags": [2], "address": "117 South Street, Philadelphia, PA, United States", "latitude": 39.9411427, "approval_status": "approved", "feature_tags": [22, 17, 7, 19, 26]}}, {"pk": 75, "model": "vegancity.vendor", "fields": {"website": "http://www.tampoporestaurant.com/", "neighborhood": 10, "name": "Tampopo: University City", "created": "2012-10-31T19:40:59.443", "notes": "Closed Monday. This restaurant hasn't been reviewed yet-- let us know what you think!", "modified": "2013-02-12T10:19:05.404", "longitude": -75.210374, "veg_level": 6, "phone": "(215) 386-3866", "cuisine_tags": [16, 28, 14, 15], "address": "269 S 44th St, Philadelphia, PA 19104", "latitude": 39.9530632, "approval_status": "approved", "feature_tags": [22, 13, 30]}}, {"pk": 38, "model": "vegancity.vendor", "fields": {"website": "http://www.tattooedmomphilly.com/", "neighborhood": 33, "name": "Tattooed Mom", "created": null, "notes": "Offers vegan burgers and hot sandwiches with Daiya cheese as an option. Often has weekday evening specials that include $3 vegan burgers and $1 vegan tacos. This restaurant hasn't been reviewed yet-- let us know what you think!", "modified": "2013-02-12T10:15:08.892", "longitude": -75.1518366, "veg_level": 5, "phone": "(215) 238-9880", "cuisine_tags": [30, 12, 34], "address": "530 South St, Philadelphia, PA 19147", "latitude": 39.9418804, "approval_status": "approved", "feature_tags": [14, 17, 29, 7, 16, 19]}}, {"pk": 98, "model": "vegancity.vendor", "fields": {"website": "http://www.thaisinghaiwestphilly.com/", "neighborhood": 11, "name": "Thai Singha House: West Philly", "created": "2013-01-28T14:08:55.246", "notes": "Most entrees, including those listed as vegetarian, have fish sauce that is not optional. Options with no fish sauce include stir fried vegetables and steamed vegetables. This restaurant hasn't been reviewed yet-- let us know what you think!", "modified": "2013-02-12T13:24:20.062", "longitude": -75.1953934, "veg_level": 7, "phone": "(215) 382-8001", "cuisine_tags": [2], "address": "3939 Chestnut St., Philadelphia PA 19104 ", "latitude": 39.9583587, "approval_status": "approved", "feature_tags": [13, 16, 30]}}, {"pk": 132, "model": "vegancity.vendor", "fields": {"website": "http://theabbaye.net/", "neighborhood": 34, "name": "The Abbaye", "created": "2013-02-15T14:17:15.348", "notes": "Offers vegan wings, BBQ seitan, vegetarian cheesesteak (which can be made vegan by ordering no cheese or aoli), and typically a veggie special or two. No vegan brunch options. This restaurant hasn't been reviewed yet-- let us know what you think!", "modified": "2013-02-18T10:14:54.031", "longitude": -75.1431814, "veg_level": 6, "phone": "(215) 627-6711", "cuisine_tags": [30, 18, 12], "address": "637 North 3rd Street, Philadelphia, PA", "latitude": 39.961748, "approval_status": "approved", "feature_tags": [14, 8, 29, 28, 16, 27, 19, 33, 9]}}, {"pk": 8, "model": "vegancity.vendor", "fields": {"website": "http://thebelgiancafe.com/", "neighborhood": 4, "name": "The Belgian Cafe", "created": null, "notes": "Offers stuffed tofu, vegan barbeque wings, seitan tacos, and a seitan vegan brunch option. This restaurant hasn't been reviewed yet-- let us know what you think!", "modified": "2013-02-12T09:36:14.933", "longitude": -75.1724594, "veg_level": 6, "phone": "(215) 235-3500", "cuisine_tags": [22], "address": "601 North 21st Street, Philadelphia, PA 19130", "latitude": 39.9653242, "approval_status": "approved", "feature_tags": [14, 29]}}, {"pk": 46, "model": "vegancity.vendor", "fields": {"website": "http://thelastdropcoffeehouse.com/", "neighborhood": 3, "name": "The Last Drop Coffee House", "created": null, "notes": "Offers coffee, premade hummus + veggie sandwiches, and Vegan Treats desserts.  This restaurant hasn't been reviewed yet-- let us know what you think!", "modified": "2013-02-12T10:15:55.186", "longitude": -75.163098, "veg_level": 7, "phone": "", "cuisine_tags": [35], "address": "1300 Pine Street, Philadelphia, PA 19107", "latitude": 39.945119, "approval_status": "approved", "feature_tags": [10, 9, 6]}}, {"pk": 45, "model": "vegancity.vendor", "fields": {"website": "", "neighborhood": 18, "name": "The Nile Cafe", "created": null, "notes": "Offers sandwiches, wraps, platters, and mock meat chef specials, in addition to desserts, smoothies, and shakes. Closed Mondays. This restaurant hasn't been reviewed yet-- let us know what you think!", "modified": "2013-02-12T13:18:28.406", "longitude": -75.178224, "veg_level": 1, "phone": "(215) 843-6453", "cuisine_tags": [18, 7, 6], "address": "6008 Germantown Avenue, Philadelphia, PA 19144", "latitude": 40.039297, "approval_status": "approved", "feature_tags": [17, 30, 20, 6]}}, {"pk": 110, "model": "vegancity.vendor", "fields": {"website": "http://www.tiffin.com/", "neighborhood": 28, "name": "Tiffin", "created": "2013-02-01T13:04:51.316", "notes": "Eat in and delivery! Good variety of vegetarian options and delicious.", "modified": "2013-02-02T16:17:23.335", "longitude": -75.148728, "veg_level": 6, "phone": "(215) 925-0770", "cuisine_tags": [9], "address": "712 W Girard Ave", "latitude": 39.970211, "approval_status": "pending", "feature_tags": []}}, {"pk": 131, "model": "vegancity.vendor", "fields": {"website": "http://underdogsphilly.com/", "neighborhood": 8, "name": "Underdogs", "created": "2013-02-15T14:13:09.707", "notes": "They have vegan hot dogs(well, Tofurkey sausages)", "modified": "2013-02-15T14:13:09.729", "longitude": -75.1582971, "veg_level": 7, "phone": "(215) 551-8080", "cuisine_tags": [30], "address": "1205 S 9th St\r\nPhiladelphia, PA 19147", "latitude": 39.9340448, "approval_status": "pending", "feature_tags": [12, 13, 7, 3, 30, 19]}}, {"pk": 9, "model": "vegancity.vendor", "fields": {"website": "http://vedgerestaurant.com/", "neighborhood": 3, "name": "Vedge", "created": null, "notes": "Philly's premiere fine dining vegan restaurant, Vedge offers a tapas-style menu with an emphasis on locally sourced vegetables. Their Monday-Friday happy hour from 5-7pm features discounted food and drink specials. We recommend making a reservation, especially for groups larger than two. ", "modified": "2013-02-12T10:15:23.233", "longitude": -75.161403, "veg_level": 1, "phone": "(215) 320-7500", "cuisine_tags": [36, 26], "address": "1221 Locust Street, Philadelphia, PA 19107", "latitude": 39.94804, "approval_status": "approved", "feature_tags": [14, 28, 18, 16, 3, 21, 26, 6, 15]}}, {"pk": 116, "model": "vegancity.vendor", "fields": {"website": "http://www.facebook.com/pages/Vegan-Tree/361556250526598", "neighborhood": 3, "name": "Vegan Tree", "created": "2013-02-03T18:28:45.052", "notes": "Offers vegan cheesesteaks and pasta in addition to a range of pan-asian dishes such as sushi and fried noodles. Their menu also includes a wide selection of desserts and bubble teas. This restaurant hasn't been reviewed yet-- let us know what you think!\r\n", "modified": "2013-02-11T17:30:53.581", "longitude": -75.1552622, "veg_level": 1, "phone": "(215) 454-2898", "cuisine_tags": [1, 14], "address": "742 South St., Philadephia, PA 19147", "latitude": 39.9423175, "approval_status": "approved", "feature_tags": [17, 8, 10, 13, 32, 3, 21, 30, 9, 20, 6]}}, {"pk": 31, "model": "vegancity.vendor", "fields": {"website": "http://veggieloversphilly.com/", "neighborhood": 1, "name": "Veggie Lovers", "created": null, "notes": "Offers affordable Monday-Saturday lunch specials and an extensive dinner menu with traditional veggie and mock meat dishes. Lunch special includes a main, soup, and appetizer for around $6. This restaurant hasn't been reviewed yet-- let us know what you think!", "modified": "2013-02-11T17:31:57.492", "longitude": -75.157096, "veg_level": 2, "phone": "(215) 226-6688", "cuisine_tags": [17, 1], "address": "225 North 11th Street, Philadelphia, PA 19107", "latitude": 39.956394, "approval_status": "approved", "feature_tags": [17, 13, 7, 30]}}, {"pk": 103, "model": "vegancity.vendor", "fields": {"website": "http://vgecafe.com/", "neighborhood": 27, "name": "Vge Cafe", "created": "2013-01-29T12:25:09.957", "notes": "Offers vegan cheesesteaks, reubens, falafel, and more. The menu also indicates that no canned vegetables are used and no food is fried. This restaurant hasn't been reviewed yet-- let us know what you think!", "modified": "2013-02-11T16:53:50.671", "longitude": -75.3197639, "veg_level": 1, "phone": "(610) 527-3091", "cuisine_tags": [35, 25], "address": "845 W Lancaster Ave  Bryn Mawr, PA 19010", "latitude": 40.0221976, "approval_status": "approved", "feature_tags": [17, 8, 3, 30, 9, 6]}}, {"pk": 97, "model": "vegancity.vendor", "fields": {"website": "", "neighborhood": 24, "name": "Vientiane Cafe", "created": "2013-01-28T13:58:15.316", "notes": "Offers vegan pad thai, fried rice, and several other dishes. This restaurant hasn't been reviewed yet-- let us know what you think!", "modified": "2013-02-11T16:40:24.402", "longitude": -75.2179264, "veg_level": 6, "phone": "(215) 726-1095", "cuisine_tags": [41, 2], "address": "4728 Baltimore Ave, Philadelphia 19143", "latitude": 39.9484093, "approval_status": "approved", "feature_tags": [22, 12, 30]}}, {"pk": 76, "model": "vegancity.vendor", "fields": {"website": "http://www.eatatvietnam.com/", "neighborhood": 21, "name": "Vietnam Cafe", "created": "2012-10-31T19:44:49.323", "notes": "There are basically two vegan options here: The vermicelli rice bowl (make sure to order it without fish sauce) with tofu, and the salt and pepper tofu.", "modified": "2013-02-11T16:42:53.603", "longitude": -75.217097, "veg_level": 7, "phone": "(215) 729-0260", "cuisine_tags": [14, 8], "address": "816 South 47th St, Philadelphia, PA 19143", "latitude": 39.948087, "approval_status": "approved", "feature_tags": [16, 30]}}, {"pk": 133, "model": "vegancity.vendor", "fields": {"website": "", "neighborhood": 33, "name": "Watkins Drinkery", "created": "2013-02-15T14:20:47.806", "notes": "They change the menu every season, but so far they include 2 or 3 creative vegan options every time. ", "modified": "2013-02-15T14:20:48.016", "longitude": -75.162094, "veg_level": 6, "phone": "(215) 339-0175", "cuisine_tags": [22], "address": "1712 S 10th St\r\nPhiladelphia, PA 19148", "latitude": 39.927947, "approval_status": "pending", "feature_tags": [14, 29, 16, 27, 19, 33, 15]}}, {"pk": 26, "model": "vegancity.vendor", "fields": {"website": "http://whitedog.com/", "neighborhood": 21, "name": "White Dog Cafe", "created": null, "notes": "While vegan and vegetarian items are clearly noted on the menu, there is only one vegan lunch/dinner main (stewed tofu and vegetables) and there are no vegan brunch options. ", "modified": "2013-02-11T16:41:09.585", "longitude": -75.1929699, "veg_level": 7, "phone": "(215) 386-9224", "cuisine_tags": [30, 25], "address": "3420 Sansom Street, Philadelphia, PA 19104", "latitude": 39.9534242, "approval_status": "approved", "feature_tags": [14, 29, 31, 15]}}, {"pk": 49, "model": "vegancity.vendor", "fields": {"website": "http://wholefoodsmarket.com/", "neighborhood": 6, "name": "Whole Foods Market: Fairmount", "created": null, "notes": "Deli counter includes a build-your-own $6 sandwich station, and the small hot bar usually has at least one vegan option. Salad bar includes a wide selection of raw food, grains, nuts, fruit, and marinated veg. $8.49/lb.", "modified": "2013-02-12T09:16:50.793", "longitude": -75.1726872, "veg_level": 5, "phone": "(215) 557-0015", "cuisine_tags": [30, 19, 36, 25], "address": "2001 Pennsylvania Avenue, Philadelphia, PA 19130", "latitude": 39.9616047, "approval_status": "approved", "feature_tags": [32, 30, 9, 6]}}, {"pk": 27, "model": "vegancity.vendor", "fields": {"website": "http://wholefoodsmarket.com/", "neighborhood": 3, "name": "Whole Foods Market: South Street", "created": null, "notes": "Deli counter includes a build-your-own $6 burrito/quesadilla/tacos station, and the large hot bar almost always has a number of vegan mains, sides, and soups. Salad bar includes a wide selection of raw food, grains, nuts, fruit, and marinated veg. $8.49/lb.", "modified": "2013-02-12T09:15:52.411", "longitude": -75.157785, "veg_level": 5, "phone": "(215) 733-9788", "cuisine_tags": [30, 19, 36, 25], "address": "929 South Street, Philadelphia, PA 19147", "latitude": 39.942914, "approval_status": "approved", "feature_tags": [32, 30, 9, 6]}}, {"pk": 31, "model": "vegancity.cuisinetag", "fields": {"created": null, "name": "african", "description": "African"}}, {"pk": 30, "model": "vegancity.cuisinetag", "fields": {"created": null, "name": "american", "description": "American"}}, {"pk": 17, "model": "vegancity.cuisinetag", "fields": {"created": null, "name": "asian_fusion", "description": "Asian Fusion"}}, {"pk": 19, "model": "vegancity.cuisinetag", "fields": {"created": null, "name": "bakery", "description": "Bakery"}}, {"pk": 18, "model": "vegancity.cuisinetag", "fields": {"created": null, "name": "barbecue", "description": "Barbecue"}}, {"pk": 12, "model": "vegancity.cuisinetag", "fields": {"created": null, "name": "bar_food", "description": "Bar Food"}}, {"pk": 34, "model": "vegancity.cuisinetag", "fields": {"created": null, "name": "burgers", "description": "Burgers"}}, {"pk": 35, "model": "vegancity.cuisinetag", "fields": {"created": "2012-10-25T11:25:20.439", "name": "cafe_fare", "description": "Cafe Fare (Light Food, Snacks)"}}, {"pk": 33, "model": "vegancity.cuisinetag", "fields": {"created": null, "name": "cajun", "description": "Cajun"}}, {"pk": 32, "model": "vegancity.cuisinetag", "fields": {"created": null, "name": "caribbean", "description": "Caribbean"}}, {"pk": 1, "model": "vegancity.cuisinetag", "fields": {"created": null, "name": "chinese", "description": "Chinese"}}, {"pk": 21, "model": "vegancity.cuisinetag", "fields": {"created": null, "name": "dim_sum", "description": "Dim Sum"}}, {"pk": 20, "model": "vegancity.cuisinetag", "fields": {"created": null, "name": "diner", "description": "Diner"}}, {"pk": 10, "model": "vegancity.cuisinetag", "fields": {"created": null, "name": "ethiopian", "description": "Ethiopian"}}, {"pk": 39, "model": "vegancity.cuisinetag", "fields": {"created": "2012-11-03T19:16:16.528", "name": "falafel", "description": "Falafel"}}, {"pk": 13, "model": "vegancity.cuisinetag", "fields": {"created": null, "name": "fast_food", "description": "Fast Food"}}, {"pk": 22, "model": "vegancity.cuisinetag", "fields": {"created": null, "name": "gastropub", "description": "Gastropub"}}, {"pk": 36, "model": "vegancity.cuisinetag", "fields": {"created": "2012-10-25T16:36:34.436", "name": "gourmet", "description": "Gourmet"}}, {"pk": 27, "model": "vegancity.cuisinetag", "fields": {"created": null, "name": "greek", "description": "Greek"}}, {"pk": 9, "model": "vegancity.cuisinetag", "fields": {"created": null, "name": "indian", "description": "Indian"}}, {"pk": 42, "model": "vegancity.cuisinetag", "fields": {"created": "2013-02-02T16:00:23.256", "name": "israeli", "description": "Israeli"}}, {"pk": 4, "model": "vegancity.cuisinetag", "fields": {"created": null, "name": "italian", "description": "Italian"}}, {"pk": 16, "model": "vegancity.cuisinetag", "fields": {"created": null, "name": "japanese", "description": "Japanese"}}, {"pk": 40, "model": "vegancity.cuisinetag", "fields": {"created": "2012-11-08T00:48:39.758", "name": "jewish", "description": "Jewish"}}, {"pk": 28, "model": "vegancity.cuisinetag", "fields": {"created": null, "name": "korean", "description": "Korean"}}, {"pk": 41, "model": "vegancity.cuisinetag", "fields": {"created": "2013-01-28T22:18:00.341", "name": "laotian", "description": "Laotian"}}, {"pk": 3, "model": "vegancity.cuisinetag", "fields": {"created": null, "name": "mexican", "description": "Mexican"}}, {"pk": 5, "model": "vegancity.cuisinetag", "fields": {"created": null, "name": "middle_eastern", "description": "Middle Eastern"}}, {"pk": 23, "model": "vegancity.cuisinetag", "fields": {"created": null, "name": "moroccan", "description": "Moroccan"}}, {"pk": 24, "model": "vegancity.cuisinetag", "fields": {"created": null, "name": "pakistani", "description": "Pakistani"}}, {"pk": 14, "model": "vegancity.cuisinetag", "fields": {"created": null, "name": "pan_asian", "description": "Pan-Asian"}}, {"pk": 11, "model": "vegancity.cuisinetag", "fields": {"created": null, "name": "pizza", "description": "Pizza"}}, {"pk": 25, "model": "vegancity.cuisinetag", "fields": {"created": null, "name": "salads", "description": "Salads"}}, {"pk": 7, "model": "vegancity.cuisinetag", "fields": {"created": null, "name": "soul_food", "description": "Soul Food"}}, {"pk": 6, "model": "vegancity.cuisinetag", "fields": {"created": null, "name": "southern", "description": "Southern"}}, {"pk": 15, "model": "vegancity.cuisinetag", "fields": {"created": null, "name": "sushi", "description": "Sushi"}}, {"pk": 37, "model": "vegancity.cuisinetag", "fields": {"created": "2012-10-25T16:53:15.159", "name": "sweet_treats", "description": "Sweet Treats"}}, {"pk": 38, "model": "vegancity.cuisinetag", "fields": {"created": "2012-11-03T12:21:33.845", "name": "taco", "description": "Tacos"}}, {"pk": 26, "model": "vegancity.cuisinetag", "fields": {"created": null, "name": "tapas", "description": "Tapas"}}, {"pk": 2, "model": "vegancity.cuisinetag", "fields": {"created": null, "name": "thai", "description": "Thai"}}, {"pk": 29, "model": "vegancity.cuisinetag", "fields": {"created": null, "name": "turkish", "description": "Turkish"}}, {"pk": 8, "model": "vegancity.cuisinetag", "fields": {"created": null, "name": "vietnamese", "description": "Vietnamese"}}, {"pk": 4, "model": "vegancity.featuretag", "fields": {"created": null, "name": "all_gluten_free", "description": "100% Gluten-free"}}, {"pk": 14, "model": "vegancity.featuretag", "fields": {"created": null, "name": "beer", "description": "Beer"}}, {"pk": 24, "model": "vegancity.featuretag", "fields": {"created": "2012-10-25T12:05:56.292", "name": "breakfast_all_day", "description": "Serves Breakfast All Day"}}, {"pk": 22, "model": "vegancity.featuretag", "fields": {"created": null, "name": "byob", "description": "BYOB"}}, {"pk": 12, "model": "vegancity.featuretag", "fields": {"created": null, "name": "cash_only", "description": "Cash Only"}}, {"pk": 17, "model": "vegancity.featuretag", "fields": {"created": null, "name": "cheap", "description": "Cheap"}}, {"pk": 8, "model": "vegancity.featuretag", "fields": {"created": null, "name": "cheese_steaks", "description": "Vegan Cheese Steaks"}}, {"pk": 10, "model": "vegancity.featuretag", "fields": {"created": null, "name": "coffeehouse", "description": "Coffeehouse"}}, {"pk": 29, "model": "vegancity.featuretag", "fields": {"created": "2012-10-31T21:04:07.885", "name": "craft_beer", "description": "Craft/Microbrew Beer Selection"}}, {"pk": 28, "model": "vegancity.featuretag", "fields": {"created": "2012-10-25T16:46:05.344", "name": "creative_specials", "description": "Creative Specials"}}, {"pk": 13, "model": "vegancity.featuretag", "fields": {"created": null, "name": "delivery", "description": "Delivery Available"}}, {"pk": 18, "model": "vegancity.featuretag", "fields": {"created": null, "name": "expensive", "description": "Expensive"}}, {"pk": 7, "model": "vegancity.featuretag", "fields": {"created": null, "name": "fake_meat", "description": "Fake Meat"}}, {"pk": 32, "model": "vegancity.featuretag", "fields": {"created": "2012-11-03T19:56:51.732", "name": "family_friendly", "description": "Family-friendly Atmosphere"}}, {"pk": 11, "model": "vegancity.featuretag", "fields": {"created": null, "name": "food_cart", "description": "Food Cart"}}, {"pk": 16, "model": "vegancity.featuretag", "fields": {"created": null, "name": "full_bar", "description": "Full Bar"}}, {"pk": 27, "model": "vegancity.featuretag", "fields": {"created": "2012-10-25T16:45:12.748", "name": "fun_atmosphere", "description": "Fun Atmosphere"}}, {"pk": 5, "model": "vegancity.featuretag", "fields": {"created": null, "name": "gluten_free_desserts", "description": "Gluten Free Desserts"}}, {"pk": 3, "model": "vegancity.featuretag", "fields": {"created": null, "name": "gluten_free_options", "description": "Gluten Free Options"}}, {"pk": 21, "model": "vegancity.featuretag", "fields": {"created": null, "name": "great_tea", "description": "Great Tea Selection"}}, {"pk": 1, "model": "vegancity.featuretag", "fields": {"created": null, "name": "halal", "description": "Halal"}}, {"pk": 2, "model": "vegancity.featuretag", "fields": {"created": null, "name": "kosher", "description": "Kosher"}}, {"pk": 23, "model": "vegancity.featuretag", "fields": {"created": "2012-10-25T12:04:35.496", "name": "lunch_only", "description": "Lunch Only (closes before dinner)"}}, {"pk": 30, "model": "vegancity.featuretag", "fields": {"created": "2012-11-03T19:52:08.138", "name": "offers_takeout", "description": "Takeout Available"}}, {"pk": 19, "model": "vegancity.featuretag", "fields": {"created": null, "name": "open_late", "description": "Open after 10pm"}}, {"pk": 33, "model": "vegancity.featuretag", "fields": {"created": "2013-02-13T10:52:22.136", "name": "outdoor_seating", "description": "Outdoor Seating"}}, {"pk": 26, "model": "vegancity.featuretag", "fields": {"created": "2012-10-25T16:37:34.076", "name": "reservation_needed", "description": "Reservation Needed"}}, {"pk": 9, "model": "vegancity.featuretag", "fields": {"created": null, "name": "sandwiches", "description": "Sandwiches"}}, {"pk": 20, "model": "vegancity.featuretag", "fields": {"created": null, "name": "smoothies", "description": "Smoothies/Juice Bar"}}, {"pk": 31, "model": "vegancity.featuretag", "fields": {"created": "2012-11-03T19:55:56.878", "name": "takes_reservations", "description": "Takes Reservations"}}, {"pk": 25, "model": "vegancity.featuretag", "fields": {"created": "2012-10-25T12:06:46.212", "name": "vegan_brunch_options", "description": "Vegan Brunch Options"}}, {"pk": 6, "model": "vegancity.featuretag", "fields": {"created": null, "name": "vegan_desserts", "description": "Vegan Desserts"}}, {"pk": 15, "model": "vegancity.featuretag", "fields": {"created": null, "name": "wine", "description": "Wine"}}, {"pk": 25, "model": "vegancity.neighborhood", "fields": {"name": "Allegheny West", "created": "2012-11-03T20:07:56.269"}}, {"pk": 33, "model": "vegancity.neighborhood", "fields": {"name": "Bella Vista", "created": "2013-02-12T10:14:27.196"}}, {"pk": 5, "model": "vegancity.neighborhood", "fields": {"name": "Bella Vista/ Southwark", "created": "2012-10-25T09:50:13.249"}}, {"pk": 27, "model": "vegancity.neighborhood", "fields": {"name": "Bryn Mawr", "created": "2013-01-29T12:25:09.936"}}, {"pk": 24, "model": "vegancity.neighborhood", "fields": {"name": "Cedar Park", "created": "2012-10-29T23:56:13.031"}}, {"pk": 1, "model": "vegancity.neighborhood", "fields": {"name": "Center City", "created": "2012-10-25T09:50:11.507"}}, {"pk": 2, "model": "vegancity.neighborhood", "fields": {"name": "Chinatown", "created": "2012-10-25T09:50:12.137"}}, {"pk": 12, "model": "vegancity.neighborhood", "fields": {"name": "East Falls", "created": "2012-10-25T09:50:15.535"}}, {"pk": 16, "model": "vegancity.neighborhood", "fields": {"name": "East Passyunk Crossing", "created": "2012-10-25T09:50:16.531"}}, {"pk": 6, "model": "vegancity.neighborhood", "fields": {"name": "Fairmount/Art Museum", "created": "2012-10-25T09:50:13.496"}}, {"pk": 18, "model": "vegancity.neighborhood", "fields": {"name": "Germantown", "created": "2012-10-25T09:50:17.004"}}, {"pk": 9, "model": "vegancity.neighborhood", "fields": {"name": "Kensington", "created": "2012-10-25T09:50:14.116"}}, {"pk": 31, "model": "vegancity.neighborhood", "fields": {"name": "Manayunk", "created": "2013-02-02T16:33:27.627"}}, {"pk": 13, "model": "vegancity.neighborhood", "fields": {"name": "Newbold", "created": "2012-10-25T09:50:15.650"}}, {"pk": 34, "model": "vegancity.neighborhood", "fields": {"name": "Northern Liberties", "created": "2013-02-15T14:17:15.346"}}, {"pk": 4, "model": "vegancity.neighborhood", "fields": {"name": "North Philadelphia", "created": "2012-10-25T09:50:12.492"}}, {"pk": 28, "model": "vegancity.neighborhood", "fields": {"name": "North Philadelphia East", "created": "2013-02-01T13:04:51.314"}}, {"pk": 7, "model": "vegancity.neighborhood", "fields": {"name": "Pennsport", "created": "2012-10-25T09:50:13.624"}}, {"pk": 29, "model": "vegancity.neighborhood", "fields": {"name": "Powelton Village", "created": "2013-02-01T13:09:30.940"}}, {"pk": 14, "model": "vegancity.neighborhood", "fields": {"name": "Queen Village", "created": "2012-10-25T09:50:16.147"}}, {"pk": 30, "model": "vegancity.neighborhood", "fields": {"name": "Roxborough", "created": "2013-02-02T14:53:41.478"}}, {"pk": 8, "model": "vegancity.neighborhood", "fields": {"name": "South Philadelphia", "created": "2012-10-25T09:50:13.744"}}, {"pk": 23, "model": "vegancity.neighborhood", "fields": {"name": "South Philadelphia West", "created": "2012-10-25T17:37:50.734"}}, {"pk": 22, "model": "vegancity.neighborhood", "fields": {"name": "Southwest Center City", "created": "2012-10-25T17:37:00.020"}}, {"pk": 10, "model": "vegancity.neighborhood", "fields": {"name": "Spruce Hill", "created": "2012-10-25T09:50:14.593"}}, {"pk": 11, "model": "vegancity.neighborhood", "fields": {"name": "University City", "created": "2012-10-25T09:50:14.710"}}, {"pk": 3, "model": "vegancity.neighborhood", "fields": {"name": "Washington Square West", "created": "2012-10-25T09:50:12.260"}}, {"pk": 32, "model": "vegancity.neighborhood", "fields": {"name": "West Mount Airy", "created": "2013-02-04T09:12:26.343"}}, {"pk": 17, "model": "vegancity.neighborhood", "fields": {"name": "West Mt Airy", "created": "2012-10-25T09:50:16.771"}}, {"pk": 21, "model": "vegancity.neighborhood", "fields": {"name": "West Philadelphia", "created": "2012-10-25T17:32:42.682"}}, {"pk": 26, "model": "vegancity.neighborhood", "fields": {"name": "Wynnewood", "created": "2012-12-16T17:01:31.462"}}, {"pk": 36, "model": "vegancity.vegandish", "fields": {"vendor": 1, "name": "Beer Battered Seitan on Belgian Waffles", "created": "2013-02-07T19:58:54.463"}}, {"pk": 5, "model": "vegancity.vegandish", "fields": {"vendor": 75, "name": "Bibimbob with tofu", "created": "2012-10-31T19:40:59.457"}}, {"pk": 45, "model": "vegancity.vegandish", "fields": {"vendor": 44, "name": "Chana Masala", "created": "2013-02-13T20:55:21.480"}}, {"pk": 8, "model": "vegancity.vegandish", "fields": {"vendor": 2, "name": "Chicken Cheese Steak", "created": "2012-10-31T19:47:01.501"}}, {"pk": 22, "model": "vegancity.vegandish", "fields": {"vendor": 42, "name": "Chicken fingers", "created": "2013-01-21T21:10:28.945"}}, {"pk": 18, "model": "vegancity.vegandish", "fields": {"vendor": 6, "name": "Chickpea Parm Sandwich", "created": "2012-11-07T16:56:08.100"}}, {"pk": 35, "model": "vegancity.vegandish", "fields": {"vendor": 11, "name": "Chocolate Chip Cookies", "created": "2013-02-03T14:14:01.165"}}, {"pk": 12, "model": "vegancity.vegandish", "fields": {"vendor": 87, "name": "Chocolate Ice Cream", "created": "2012-11-05T23:20:33.707"}}, {"pk": 9, "model": "vegancity.vegandish", "fields": {"vendor": 21, "name": "Coconut Club", "created": "2012-11-03T19:23:03.063"}}, {"pk": 17, "model": "vegancity.vegandish", "fields": {"vendor": 67, "name": "Crispy Tacos", "created": "2012-11-07T14:20:23.816"}}, {"pk": 15, "model": "vegancity.vegandish", "fields": {"vendor": 4, "name": "Falafel", "created": "2012-11-05T23:22:56.145"}}, {"pk": 14, "model": "vegancity.vegandish", "fields": {"vendor": 4, "name": "French Fries", "created": "2012-11-05T23:22:56.144"}}, {"pk": 42, "model": "vegancity.vegandish", "fields": {"vendor": 31, "name": "General Tso's Tofu", "created": "2013-02-11T17:31:57.507"}}, {"pk": 31, "model": "vegancity.vegandish", "fields": {"vendor": 12, "name": "Golden Rings", "created": "2013-01-31T11:04:41.671"}}, {"pk": 44, "model": "vegancity.vegandish", "fields": {"vendor": 28, "name": "Grilled Eggplant Wrap", "created": "2013-02-12T10:51:57.219"}}, {"pk": 32, "model": "vegancity.vegandish", "fields": {"vendor": 9, "name": "Grilled Seitan", "created": "2013-02-02T16:09:43.675"}}, {"pk": 10, "model": "vegancity.vegandish", "fields": {"vendor": 6, "name": "Haymaker Pizza", "created": "2012-11-05T12:32:36.688"}}, {"pk": 37, "model": "vegancity.vegandish", "fields": {"vendor": 122, "name": "Herbivore Tofu Tacos", "created": "2013-02-08T13:25:47.338"}}, {"pk": 46, "model": "vegancity.vegandish", "fields": {"vendor": 37, "name": "Hip City Ranch", "created": "2013-02-16T16:53:56.014"}}, {"pk": 4, "model": "vegancity.vegandish", "fields": {"vendor": 75, "name": "Hot Spicy Tofu", "created": "2012-10-31T19:40:59.456"}}, {"pk": 40, "model": "vegancity.vegandish", "fields": {"vendor": 116, "name": "Joy Fried Rice", "created": "2013-02-11T17:30:53.595"}}, {"pk": 19, "model": "vegancity.vegandish", "fields": {"vendor": 88, "name": "Pelion Plate without diary", "created": "2012-11-07T17:27:44.870"}}, {"pk": 38, "model": "vegancity.vegandish", "fields": {"vendor": 122, "name": "Pennsyltucky Fried Tofu", "created": "2013-02-08T13:26:10.418"}}, {"pk": 13, "model": "vegancity.vegandish", "fields": {"vendor": 87, "name": "Pumpkin Ice Cream Sundae", "created": "2012-11-05T23:20:33.708"}}, {"pk": 34, "model": "vegancity.vegandish", "fields": {"vendor": 37, "name": "Quinoa Chili", "created": "2013-02-03T14:11:21.998"}}, {"pk": 23, "model": "vegancity.vegandish", "fields": {"vendor": 6, "name": "Root Beer BBQ wings", "created": "2013-01-21T21:12:47.439"}}, {"pk": 6, "model": "vegancity.vegandish", "fields": {"vendor": 76, "name": "Salt and Pepper Tofu", "created": "2012-10-31T19:44:49.334"}}, {"pk": 30, "model": "vegancity.vegandish", "fields": {"vendor": 41, "name": "Seitan Ranchero Wings", "created": "2013-01-30T13:41:52.109"}}, {"pk": 16, "model": "vegancity.vegandish", "fields": {"vendor": 17, "name": "Seitan Roast Beef Sandwich", "created": "2012-11-07T14:17:11.839"}}, {"pk": 48, "model": "vegancity.vegandish", "fields": {"vendor": 130, "name": "Soba Noodle Salad", "created": "2013-02-16T17:21:47.734"}}, {"pk": 25, "model": "vegancity.vegandish", "fields": {"vendor": 97, "name": "Spicy Basil Fried Rice", "created": "2013-01-28T22:18:43.272"}}, {"pk": 41, "model": "vegancity.vegandish", "fields": {"vendor": 116, "name": "Summer Rolls", "created": "2013-02-11T17:30:53.596"}}, {"pk": 39, "model": "vegancity.vegandish", "fields": {"vendor": 117, "name": "\"SuperVegan\" pizza", "created": "2013-02-09T14:03:49.861"}}, {"pk": 50, "model": "vegancity.vegandish", "fields": {"vendor": 130, "name": "Tater Tots", "created": "2013-02-16T17:21:47.735"}}, {"pk": 47, "model": "vegancity.vegandish", "fields": {"vendor": 18, "name": "Tempeh Club", "created": "2013-02-16T17:09:35.017"}}, {"pk": 1, "model": "vegancity.vegandish", "fields": {"vendor": 63, "name": "Thai Peanut Ice Cream", "created": "2012-10-25T17:26:50.820"}}, {"pk": 2, "model": "vegancity.vegandish", "fields": {"vendor": 70, "name": "Tofu Hoagie (Hold the Mayo)", "created": "2012-10-26T13:23:54.425"}}, {"pk": 21, "model": "vegancity.vegandish", "fields": {"vendor": 92, "name": "Totally veggie burrito", "created": "2012-12-16T16:57:22.127"}}, {"pk": 11, "model": "vegancity.vegandish", "fields": {"vendor": 87, "name": "Vanilla Ice Cream", "created": "2012-11-05T23:20:33.706"}}, {"pk": 49, "model": "vegancity.vegandish", "fields": {"vendor": 130, "name": "Vegan BLT", "created": "2013-02-16T17:21:47.735"}}, {"pk": 43, "model": "vegancity.vegandish", "fields": {"vendor": 28, "name": "Vegan Cheesesteak", "created": "2013-02-12T10:51:57.218"}}, {"pk": 24, "model": "vegancity.vegandish", "fields": {"vendor": 78, "name": "Vegan Combination", "created": "2013-01-28T14:00:48.824"}}, {"pk": 26, "model": "vegancity.vegandish", "fields": {"vendor": 102, "name": "Vegan Crazy Chaat", "created": "2013-01-28T22:30:42.894"}}, {"pk": 27, "model": "vegancity.vegandish", "fields": {"vendor": 102, "name": "Vegan Mango Lassi", "created": "2013-01-28T22:30:42.895"}}, {"pk": 3, "model": "vegancity.vegandish", "fields": {"vendor": 72, "name": "Vegan pizza", "created": "2012-10-30T00:28:50.531"}}, {"pk": 20, "model": "vegancity.vegandish", "fields": {"vendor": 89, "name": "Vegan Tofu Scramble", "created": "2012-11-29T11:27:33.360"}}, {"pk": 28, "model": "vegancity.vegandish", "fields": {"vendor": 100, "name": "Veggie Panini", "created": "2013-01-29T00:59:18.072"}}, {"pk": 7, "model": "vegancity.vegandish", "fields": {"vendor": 76, "name": "Vermicelli Rice Bowl", "created": "2012-10-31T19:44:49.335"}}, {"pk": 29, "model": "vegancity.vegandish", "fields": {"vendor": 78, "name": "Yemisir Wot", "created": "2013-01-29T11:27:09.160"}}, {"pk": 33, "model": "vegancity.vegandish", "fields": {"vendor": 6, "name": "Yukon Pizza", "created": "2013-02-03T14:08:26.495"}}, {"pk": 1, "model": "vegancity.veglevel", "fields": {"super_category": "Vegan", "name": "vegan", "description": "100% Vegan"}}, {"pk": 2, "model": "vegancity.veglevel", "fields": {"super_category": "Vegetarian", "name": "veg_mostly_vegan", "description": "Vegetarian - Very Vegan Friendly"}}, {"pk": 3, "model": "vegancity.veglevel", "fields": {"super_category": "Vegetarian", "name": "veg_several_vegan", "description": "Vegetarian - Several Vegan Options"}}, {"pk": 4, "model": "vegancity.veglevel", "fields": {"super_category": "Vegetarian", "name": "veg_few_vegan", "description": "Vegetarian - Few Vegan Options"}}, {"pk": 5, "model": "vegancity.veglevel", "fields": {"super_category": "Non-Vegetarian", "name": "not_veg_very_vegan", "description": "Very Vegan Friendly"}}, {"pk": 6, "model": "vegancity.veglevel", "fields": {"super_category": "Non-Vegetarian", "name": "not_veg_several_vegan", "description": "Several Vegan Options"}}, {"pk": 7, "model": "vegancity.veglevel", "fields": {"super_category": "Non-Vegetarian", "name": "not_veg_few_vegan", "description": "Few Vegan Options"}}, {"pk": 8, "model": "vegancity.veglevel", "fields": {"super_category": "Beware", "name": "beware", "description": "Beware!"}}]